date,actual_volatility,har_forecast_log1p,har_sentiment_forecast_log1p,har_log_forecast,xgb_forecast_log1p,xgb_sentiment_forecast_log1p,har_forecast,har_sentiment_forecast,xgb_forecast,xgb_sentiment_forecast,preferred_model,preferred_prediction,preferred_source
2023-12-14,0.2068770028573554,0.1940453230987018,0.1940453230987018,15.874507866387544,0.1290925626914277,0.1290925626914277,0.1940453230987018,0.1940453230987018,0.1290925626914277,0.1290925626914277,har_forecast,0.1940453230987018,log1p
2023-12-15,0.0820007301313777,0.1670214100834528,0.1670214100834528,15.874507866387544,0.3450236285106699,0.3450236285106699,0.1670214100834528,0.1670214100834528,0.3450236285106699,0.3450236285106699,har_forecast,0.1670214100834528,log1p
2023-12-18,0.0259648049352792,0.1461279202316845,0.1461279202316845,15.874507866387544,0.1954255533109066,0.1954255533109066,0.1461279202316845,0.1461279202316845,0.1954255533109066,0.1954255533109066,har_forecast,0.1461279202316845,log1p
2023-12-19,0.1126770688321969,0.1345045131923129,0.1345045131923129,15.874507866387544,0.1524051371191312,0.1524051371191312,0.1345045131923129,0.1345045131923129,0.1524051371191312,0.1524051371191312,har_forecast,0.1345045131923129,log1p
2023-12-20,0.1245807724310771,0.14945734933695,0.14945734933695,15.874507866387544,0.1933194732266253,0.1933194732266253,0.14945734933695,0.14945734933695,0.1933194732266253,0.1933194732266253,har_forecast,0.14945734933695,log1p
2023-12-21,0.0441350321285485,0.1477587774106193,0.1477587774106193,15.874507866387544,0.1166797875888248,0.1166797875888248,0.1477587774106193,0.1477587774106193,0.1166797875888248,0.1166797875888248,har_forecast,0.1477587774106193,log1p
2023-12-22,0.0033907211135439,0.1253254032908216,0.1253254032908216,15.874507866387544,0.1296395021056599,0.1296395021056599,0.1253254032908216,0.1253254032908216,0.1296395021056599,0.1296395021056599,har_forecast,0.1253254032908216,log1p
2023-12-26,0.025018106148022,0.1096019280734733,0.1096019280734733,15.874507866387544,0.1567589385082956,0.1567589385082956,0.1096019280734733,0.1096019280734733,0.1567589385082956,0.1567589385082956,har_forecast,0.1096019280734733,log1p
2023-12-27,0.0512658581686089,0.1031382560425543,0.1031382560425543,15.874507866387544,0.0937524043067934,0.0937524043067934,0.1031382560425543,0.1031382560425543,0.0937524043067934,0.0937524043067934,har_forecast,0.1031382560425543,log1p
2023-12-28,0.0321162354269657,0.1045375299934862,0.1045375299934862,15.874507866387544,0.1024623112016516,0.1024623112016516,0.1045375299934862,0.1045375299934862,0.1024623112016516,0.1024623112016516,har_forecast,0.1045375299934862,log1p
2023-12-29,0.2197660473309076,0.1017572920027025,0.1017572920027025,15.874507866387544,0.1128723430355946,0.1128723430355946,0.1017572920027025,0.1017572920027025,0.1128723430355946,0.1128723430355946,har_forecast,0.1017572920027025,log1p
2024-01-02,0.0115606643660251,0.1422109506031244,0.1422109506031244,15.874507866387544,0.1608265912627371,0.1608265912627371,0.1422109506031244,0.1422109506031244,0.1608265912627371,0.1608265912627371,har_forecast,0.1422109506031244,log1p
2024-01-03,0.1143511012590235,0.1178969702305327,0.1178969702305327,15.874507866387544,0.0873740071021001,0.0873740071021001,0.1178969702305327,0.1178969702305327,0.0873740071021001,0.0873740071021001,har_forecast,0.1178969702305327,log1p
2024-01-04,0.0081996365528617,0.1253984052840243,0.1253984052840243,15.874507866387544,0.1840061118730848,0.1840061118730848,0.1253984052840243,0.1253984052840243,0.1840061118730848,0.1840061118730848,har_forecast,0.1253984052840243,log1p
2024-01-05,0.296784472548503,0.1119869651345321,0.1119869651345321,15.874507866387544,0.087695234984907,0.087695234984907,0.1119869651345321,0.1119869651345321,0.087695234984907,0.087695234984907,har_forecast,0.1119869651345321,log1p
2024-01-08,0.0465357312461049,0.1178828249920605,0.1178828249920605,15.874507866387544,0.1674653354533637,0.1674653354533637,0.1178828249920605,0.1178828249920605,0.1674653354533637,0.1674653354533637,har_forecast,0.1178828249920605,log1p
2024-01-09,0.2921506080412599,0.1412247787234283,0.1412247787234283,15.874507866387544,0.1475613339559288,0.1475613339559288,0.1412247787234283,0.1412247787234283,0.1475613339559288,0.1475613339559288,har_forecast,0.1412247787234283,log1p
2024-01-10,0.0769530742827616,0.1216158190607655,0.1216158190607655,15.874507866387544,0.0720209157529696,0.0720209157529696,0.1216158190607655,0.1216158190607655,0.0720209157529696,0.0720209157529696,har_forecast,0.1216158190607655,log1p
2024-01-11,0.1576990115163937,0.148525830736851,0.148525830736851,15.874507866387544,0.0986276253559776,0.0986276253559776,0.148525830736851,0.148525830736851,0.0986276253559776,0.0986276253559776,har_forecast,0.148525830736851,log1p
2024-01-12,0.0733851391321651,0.1330462381339774,0.1330462381339774,15.874507866387544,0.0741821236164104,0.0741821236164104,0.1330462381339774,0.1330462381339774,0.0741821236164104,0.0741821236164104,har_forecast,0.1330462381339774,log1p
2024-01-16,0.0325734658408909,0.1428930864499354,0.1428930864499354,15.874507866387544,0.1144266186664061,0.1144266186664061,0.1428930864499354,0.1428930864499354,0.1144266186664061,0.1144266186664061,har_forecast,0.1428930864499354,log1p
2024-01-17,0.1783350081310614,0.1323577298306415,0.1323577298306415,15.874507866387544,0.1033170911680693,0.1033170911680693,0.1323577298306415,0.1323577298306415,0.1033170911680693,0.1033170911680693,har_forecast,0.1323577298306415,log1p
2024-01-18,0.1922902548903276,0.1267151129588751,0.1267151129588751,15.874507866387544,0.1390812451436729,0.1390812451436729,0.1267151129588751,0.1267151129588751,0.1390812451436729,0.1390812451436729,har_forecast,0.1267151129588751,log1p
2024-01-19,0.0862423060478134,0.132694583311485,0.132694583311485,15.874507866387544,0.0921616032132052,0.0921616032132052,0.132694583311485,0.132694583311485,0.0921616032132052,0.0921616032132052,har_forecast,0.132694583311485,log1p
2024-01-22,0.0953971810504982,0.1460729845709651,0.1460729845709651,15.874507866387544,0.177219604092634,0.177219604092634,0.1460729845709651,0.1460729845709651,0.177219604092634,0.177219604092634,har_forecast,0.1460729845709651,log1p
2024-01-23,0.144988299944298,0.1235571272531313,0.1235571272531313,15.874507866387544,0.1323158479619499,0.1323158479619499,0.1235571272531313,0.1235571272531313,0.1323158479619499,0.1323158479619499,har_forecast,0.1235571272531313,log1p
2024-01-24,0.0908318363085435,0.1254811920232419,0.1254811920232419,15.874507866387544,0.1624802533782551,0.1624802533782551,0.1254811920232419,0.1254811920232419,0.1624802533782551,0.1624802533782551,har_forecast,0.1254811920232419,log1p
2024-01-25,0.0368993152681109,0.1376804429357366,0.1376804429357366,15.874507866387544,0.1419946498188734,0.1419946498188734,0.1376804429357366,0.1376804429357366,0.1419946498188734,0.1419946498188734,har_forecast,0.1376804429357366,log1p
2024-01-26,0.225932743544,0.132610220029845,0.132610220029845,15.874507866387544,0.1314107449053457,0.1314107449053457,0.132610220029845,0.132610220029845,0.1314107449053457,0.1314107449053457,har_forecast,0.132610220029845,log1p
2024-01-29,0.0438422672505036,0.1192315852845678,0.1192315852845678,15.874507866387544,0.1105330553408136,0.1105330553408136,0.1192315852845678,0.1192315852845678,0.1105330553408136,0.1105330553408136,har_forecast,0.1192315852845678,log1p
2024-01-30,0.4336290311842186,0.1428158481267056,0.1428158481267056,15.874507866387544,0.1759484573240058,0.1759484573240058,0.1428158481267056,0.1428158481267056,0.1759484573240058,0.1759484573240058,har_forecast,0.1428158481267056,log1p
2024-01-31,0.2456426780482588,0.2100465369722593,0.2100465369722593,15.874507866387544,0.1440574611659583,0.1440574611659583,0.2100465369722593,0.2100465369722593,0.1440574611659583,0.1440574611659583,har_forecast,0.2100465369722593,log1p
2024-02-01,0.2898396521984046,0.1761510853642698,0.1761510853642698,15.874507866387544,0.1741113061813164,0.1741113061813164,0.1761510853642698,0.1761510853642698,0.1741113061813164,0.1741113061813164,har_forecast,0.1761510853642698,log1p
2024-02-02,0.2164909863970342,0.1688305263028607,0.1688305263028607,15.874507866387544,0.2015556129181673,0.2015556129181673,0.1688305263028607,0.1688305263028607,0.2015556129181673,0.2015556129181673,har_forecast,0.1688305263028607,log1p
2024-02-05,0.006262740033638,0.2302067663639642,0.2302067663639642,15.874507866387544,0.2112163383776195,0.2112163383776195,0.2302067663639642,0.2302067663639642,0.2112163383776195,0.2112163383776195,har_forecast,0.2302067663639642,log1p
2024-02-06,0.3316267517306759,0.1817303519261393,0.1817303519261393,15.874507866387544,0.1091397709321257,0.1091397709321257,0.1817303519261393,0.1817303519261393,0.1091397709321257,0.1091397709321257,har_forecast,0.1817303519261393,log1p
2024-02-07,0.0023001153120466,0.1725262424973581,0.1725262424973581,15.874507866387544,0.188518940275159,0.188518940275159,0.1725262424973581,0.1725262424973581,0.188518940275159,0.188518940275159,har_forecast,0.1725262424973581,log1p
2024-02-08,0.2449713691276508,0.177323420814819,0.177323420814819,15.874507866387544,0.2995466575896607,0.2995466575896607,0.177323420814819,0.177323420814819,0.2995466575896607,0.2995466575896607,har_forecast,0.177323420814819,log1p
2024-02-09,0.2009473908898465,0.1442192265018415,0.1442192265018415,15.874507866387544,0.1731007668100581,0.1731007668100581,0.1442192265018415,0.1442192265018415,0.1731007668100581,0.1731007668100581,har_forecast,0.1442192265018415,log1p
2024-02-12,0.3454897584428607,0.1950667552796458,0.1950667552796458,15.874507866387544,0.1693672677224687,0.1693672677224687,0.1950667552796458,0.1950667552796458,0.1693672677224687,0.1693672677224687,har_forecast,0.1950667552796458,log1p
2024-02-13,0.1233673822568243,0.2198077140460698,0.2198077140460698,15.874507866387544,0.1685025239850214,0.1685025239850214,0.2198077140460698,0.2198077140460698,0.1685025239850214,0.1685025239850214,har_forecast,0.2198077140460698,log1p
2024-02-14,0.1139939767080418,0.1905265012430094,0.1905265012430094,15.874507866387544,0.300641428584934,0.300641428584934,0.1905265012430094,0.1905265012430094,0.300641428584934,0.300641428584934,har_forecast,0.1905265012430094,log1p
2024-02-15,0.0979161524018885,0.1787364805902464,0.1787364805902464,15.874507866387544,0.2799038853128517,0.2799038853128517,0.1787364805902464,0.1787364805902464,0.2799038853128517,0.2799038853128517,har_forecast,0.1787364805902464,log1p
2024-02-16,0.0499732715733411,0.1730038040335703,0.1730038040335703,15.874507866387544,0.1421888547104184,0.1421888547104184,0.1730038040335703,0.1730038040335703,0.1421888547104184,0.1421888547104184,har_forecast,0.1730038040335703,log1p
2024-02-20,0.0240597874512708,0.1633716827471598,0.1633716827471598,15.874507866387544,0.1644696995872252,0.1644696995872252,0.1633716827471598,0.1633716827471598,0.1644696995872252,0.1644696995872252,har_forecast,0.1633716827471598,log1p
2024-02-21,0.3694589707687201,0.1420742149069971,0.1420742149069971,15.874507866387544,0.1686680501667879,0.1686680501667879,0.1420742149069971,0.1420742149069971,0.1686680501667879,0.1686680501667879,har_forecast,0.1420742149069971,log1p
2024-02-22,0.0505981445073533,0.1329984379486431,0.1329984379486431,15.874507866387544,0.1282523949564863,0.1282523949564863,0.1329984379486431,0.1329984379486431,0.1282523949564863,0.1282523949564863,har_forecast,0.1329984379486431,log1p
2024-02-23,0.1086922326710908,0.1632284772104475,0.1632284772104475,15.874507866387544,0.2118865202898284,0.2118865202898284,0.1632284772104475,0.1632284772104475,0.2118865202898284,0.2118865202898284,har_forecast,0.1632284772104475,log1p
2024-02-26,0.0023371983380945,0.1463580665650291,0.1463580665650291,15.874507866387544,0.2320004475815264,0.2320004475815264,0.1463580665650291,0.1463580665650291,0.2320004475815264,0.2320004475815264,har_forecast,0.1463580665650291,log1p
2024-02-27,0.0093467294319316,0.1207818314550526,0.1207818314550526,15.874507866387544,0.1795902586782463,0.1795902586782463,0.1207818314550526,0.1207818314550526,0.1795902586782463,0.1795902586782463,har_forecast,0.1207818314550526,log1p
2024-02-28,0.2288373558706807,0.1216215784008888,0.1216215784008888,15.874507866387544,0.1049022666782261,0.1049022666782261,0.1216215784008888,0.1216215784008888,0.1049022666782261,0.1049022666782261,har_forecast,0.1216215784008888,log1p
2024-02-29,0.0712217504917602,0.1286443015206101,0.1286443015206101,15.874507866387544,0.1126528447737363,0.1126528447737363,0.1286443015206101,0.1286443015206101,0.1126528447737363,0.1126528447737363,har_forecast,0.1286443015206101,log1p
2024-03-01,0.0221743280557019,0.1283431132994546,0.1283431132994546,15.874507866387544,0.1470286176654244,0.1470286176654244,0.1283431132994546,0.1283431132994546,0.1470286176654244,0.1470286176654244,har_forecast,0.1283431132994546,log1p
2024-03-04,0.4765222445962004,0.1192654467091013,0.1192654467091013,15.874507866387544,0.1207881316638158,0.1207881316638158,0.1192654467091013,0.1192654467091013,0.1207881316638158,0.1207881316638158,har_forecast,0.1192654467091013,log1p
2024-03-05,0.0220933150877241,0.2030137178465656,0.2030137178465656,15.874507866387544,0.091347085089182,0.091347085089182,0.2030137178465656,0.2030137178465656,0.091347085089182,0.091347085089182,har_forecast,0.2030137178465656,log1p
2024-03-06,0.2759227031217454,0.1701906245413942,0.1701906245413942,15.874507866387544,0.1210948714801251,0.1210948714801251,0.1701906245413942,0.1701906245413942,0.1210948714801251,0.1210948714801251,har_forecast,0.1701906245413942,log1p
2024-03-07,0.1137018578209137,0.1415603775767548,0.1415603775767548,15.874507866387544,0.1891857138628223,0.1891857138628223,0.1415603775767548,0.1415603775767548,0.1891857138628223,0.1891857138628223,har_forecast,0.1415603775767548,log1p
2024-03-08,0.0665734934281301,0.1740151299676686,0.1740151299676686,15.874507866387544,0.3069933011204625,0.3069933011204625,0.1740151299676686,0.1740151299676686,0.3069933011204625,0.3069933011204625,har_forecast,0.1740151299676686,log1p
2024-03-11,0.4167349882720517,0.1603873470568943,0.1603873470568943,15.874507866387544,0.2218304767174444,0.2218304767174444,0.1603873470568943,0.1603873470568943,0.2218304767174444,0.2218304767174444,har_forecast,0.1603873470568943,log1p
2024-03-12,0.0068818978673125,0.1652179578130125,0.1652179578130125,15.874507866387544,0.1590279720760674,0.1590279720760674,0.1652179578130125,0.1652179578130125,0.1590279720760674,0.1590279720760674,har_forecast,0.1652179578130125,log1p
2024-03-13,0.382372686509163,0.1703011818717561,0.1703011818717561,15.874507866387544,0.1765994725999154,0.1765994725999154,0.1703011818717561,0.1703011818717561,0.1765994725999154,0.1765994725999154,har_forecast,0.1703011818717561,log1p
2024-03-14,0.3319722541398667,0.1546476155952023,0.1546476155952023,15.874507866387544,0.1296497688635309,0.1296497688635309,0.1546476155952023,0.1546476155952023,0.1296497688635309,0.1296497688635309,har_forecast,0.1546476155952023,log1p
2024-03-15,0.0342719921872959,0.2463342765623908,0.2463342765623908,15.874507866387544,0.4509321692310655,0.4509321692310655,0.2463342765623908,0.2463342765623908,0.4509321692310655,0.4509321692310655,har_forecast,0.2463342765623908,log1p
2024-03-18,0.1548226314453094,0.1717147933125393,0.1717147933125393,15.874507866387544,0.1406109248573212,0.1406109248573212,0.1717147933125393,0.1717147933125393,0.1406109248573212,0.1406109248573212,har_forecast,0.1717147933125393,log1p
2024-03-19,0.1432513152644639,0.1610118961465931,0.1610118961465931,15.874507866387544,0.2795130318030011,0.2795130318030011,0.1610118961465931,0.1610118961465931,0.2795130318030011,0.2795130318030011,har_forecast,0.1610118961465931,log1p
2024-03-20,0.1538046437909531,0.1516251644667406,0.1516251644667406,15.874507866387544,0.2273946714092571,0.2273946714092571,0.1516251644667406,0.1516251644667406,0.2273946714092571,0.2273946714092571,har_forecast,0.1516251644667406,log1p
2024-03-21,0.0233094112309549,0.1651599303720091,0.1651599303720091,15.874507866387544,0.1578864768372285,0.1578864768372285,0.1651599303720091,0.1651599303720091,0.1578864768372285,0.1578864768372285,har_forecast,0.1651599303720091,log1p
2024-03-22,0.2192195157946277,0.1560878108652283,0.1560878108652283,15.874507866387544,0.1163746716225779,0.1163746716225779,0.1560878108652283,0.1560878108652283,0.1163746716225779,0.1163746716225779,har_forecast,0.1560878108652283,log1p
2024-03-25,0.0454891771265495,0.1682894323197998,0.1682894323197998,15.874507866387544,0.1848612698054632,0.1848612698054632,0.1682894323197998,0.1682894323197998,0.1848612698054632,0.1848612698054632,har_forecast,0.1682894323197998,log1p
2024-03-26,0.0082848869468178,0.1543340114269547,0.1543340114269547,15.874507866387544,0.2022987271857994,0.2022987271857994,0.1543340114269547,0.1543340114269547,0.2022987271857994,0.2022987271857994,har_forecast,0.1543340114269547,log1p
2024-03-27,0.026766651287036,0.1237016396427146,0.1237016396427146,15.874507866387544,0.1018975338315383,0.1018975338315383,0.1237016396427146,0.1237016396427146,0.1018975338315383,0.1018975338315383,har_forecast,0.1237016396427146,log1p
2024-03-28,0.1446068785506448,0.1114556248322799,0.1114556248322799,15.874507866387544,0.1097853194517465,0.1097853194517465,0.1114556248322799,0.1114556248322799,0.1097853194517465,0.1097853194517465,har_forecast,0.1114556248322799,log1p
2024-04-01,0.1174631819207163,0.1141579856229873,0.1141579856229873,15.874507866387544,0.1301781038677318,0.1301781038677318,0.1141579856229873,0.1141579856229873,0.1301781038677318,0.1301781038677318,har_forecast,0.1141579856229873,log1p
2024-04-02,0.037334128528679,0.1496746270767596,0.1496746270767596,15.874507866387544,0.1695868342717014,0.1695868342717014,0.1496746270767596,0.1496746270767596,0.1695868342717014,0.1695868342717014,har_forecast,0.1496746270767596,log1p
2024-04-03,0.0973309519169333,0.1204679227830588,0.1204679227830588,15.874507866387544,0.118956918778116,0.118956918778116,0.1204679227830588,0.1204679227830588,0.118956918778116,0.118956918778116,har_forecast,0.1204679227830588,log1p
2024-04-04,0.2876080307314092,0.1294652242879944,0.1294652242879944,15.874507866387544,0.1307191657179575,0.1307191657179575,0.1294652242879944,0.1294652242879944,0.1307191657179575,0.1307191657179575,har_forecast,0.1294652242879944,log1p
2024-04-05,0.034732404491452,0.1336970776038424,0.1336970776038424,15.874507866387544,0.1167047162986715,0.1167047162986715,0.1336970776038424,0.1336970776038424,0.1167047162986715,0.1167047162986715,har_forecast,0.1336970776038424,log1p
2024-04-08,0.0630601442834296,0.151986435482143,0.151986435482143,15.874507866387544,0.142225379246259,0.142225379246259,0.151986435482143,0.151986435482143,0.142225379246259,0.142225379246259,har_forecast,0.151986435482143,log1p
2024-04-09,0.1128635280637204,0.1219494695043046,0.1219494695043046,15.874507866387544,0.2417469676156968,0.2417469676156968,0.1219494695043046,0.1219494695043046,0.2417469676156968,0.2417469676156968,har_forecast,0.1219494695043046,log1p
2024-04-10,0.174190072888163,0.1349195063758098,0.1349195063758098,15.874507866387544,0.1701435222387854,0.1701435222387854,0.1349195063758098,0.1349195063758098,0.1701435222387854,0.1701435222387854,har_forecast,0.1349195063758098,log1p
2024-04-11,0.2252800467504447,0.1362172535790879,0.1362172535790879,15.874507866387544,0.1293261691675955,0.1293261691675955,0.1362172535790879,0.1362172535790879,0.1293261691675955,0.1293261691675955,har_forecast,0.1362172535790879,log1p
2024-04-12,0.3138745624826111,0.1889302579671609,0.1889302579671609,15.874507866387544,0.182266273676697,0.182266273676697,0.1889302579671609,0.1889302579671609,0.182266273676697,0.182266273676697,har_forecast,0.1889302579671609,log1p
2024-04-15,0.0360329334806522,0.207029240969862,0.207029240969862,15.874507866387544,0.2057194557512229,0.2057194557512229,0.207029240969862,0.207029240969862,0.2057194557512229,0.2057194557512229,har_forecast,0.207029240969862,log1p
2024-04-16,0.1052640468684014,0.1632487574339594,0.1632487574339594,15.874507866387544,0.2629109038779208,0.2629109038779208,0.1632487574339594,0.1632487574339594,0.2629109038779208,0.2629109038779208,har_forecast,0.1632487574339594,log1p
2024-04-17,0.2945034115262506,0.1594636026316731,0.1594636026316731,15.874507866387544,0.2728063763738165,0.2728063763738165,0.1594636026316731,0.1594636026316731,0.2728063763738165,0.2728063763738165,har_forecast,0.1594636026316731,log1p
2024-04-18,0.2035244154874021,0.1987855691285069,0.1987855691285069,15.874507866387544,0.1425000065550183,0.1425000065550183,0.1987855691285069,0.1987855691285069,0.1425000065550183,0.1425000065550183,har_forecast,0.1987855691285069,log1p
2024-04-19,0.0730154192708535,0.2086851647289108,0.2086851647289108,15.874507866387544,0.2034583565509627,0.2034583565509627,0.2086851647289108,0.2086851647289108,0.2034583565509627,0.2034583565509627,har_forecast,0.2086851647289108,log1p
2024-04-22,0.2595651043083988,0.1563093298258006,0.1563093298258006,15.874507866387544,0.1449800542924567,0.1449800542924567,0.1563093298258006,0.1563093298258006,0.1449800542924567,0.1449800542924567,har_forecast,0.1563093298258006,log1p
2024-04-23,0.0579280403658691,0.1403446545394094,0.1403446545394094,15.874507866387544,0.1892410892035275,0.1892410892035275,0.1403446545394094,0.1403446545394094,0.1892410892035275,0.1892410892035275,har_forecast,0.1403446545394094,log1p
2024-04-24,0.3936902504968436,0.1620888882272238,0.1620888882272238,15.874507866387544,0.1852318963758831,0.1852318963758831,0.1620888882272238,0.1620888882272238,0.1852318963758831,0.1852318963758831,har_forecast,0.1620888882272238,log1p
2024-04-25,0.2870009522760506,0.2291198789101346,0.2291198789101346,15.874507866387544,0.2396084160210189,0.2396084160210189,0.2291198789101346,0.2291198789101346,0.2396084160210189,0.2396084160210189,har_forecast,0.2291198789101346,log1p
2024-04-26,0.1598127765726467,0.188242492848423,0.188242492848423,15.874507866387544,0.1804011513241615,0.1804011513241615,0.188242492848423,0.188242492848423,0.1804011513241615,0.1804011513241615,har_forecast,0.188242492848423,log1p
2024-04-29,0.5182472372972357,0.2011857614043882,0.2011857614043882,15.874507866387544,0.2577409764204312,0.2577409764204312,0.2011857614043882,0.2011857614043882,0.2577409764204312,0.2577409764204312,har_forecast,0.2011857614043882,log1p
2024-04-30,0.2271099526376728,0.2839132061433933,0.2839132061433933,15.874507866387544,0.1809977045227092,0.1809977045227092,0.2839132061433933,0.2839132061433933,0.1809977045227092,0.1809977045227092,har_forecast,0.2839132061433933,log1p
2024-05-01,0.116138604229814,0.2282785686981584,0.2282785686981584,15.874507866387544,0.4512367128291341,0.4512367128291341,0.2282785686981584,0.2282785686981584,0.4512367128291341,0.4512367128291341,har_forecast,0.2282785686981584,log1p
2024-05-02,0.3480892123767219,0.2062170070540952,0.2062170070540952,15.874507866387544,0.3237083961726314,0.3237083961726314,0.2062170070540952,0.2062170070540952,0.3237083961726314,0.3237083961726314,har_forecast,0.2062170070540952,log1p
2024-05-03,0.2663234617961125,0.1859011160548782,0.1859011160548782,15.874507866387544,0.2109129052544257,0.2109129052544257,0.1859011160548782,0.1859011160548782,0.2109129052544257,0.2109129052544257,har_forecast,0.1859011160548782,log1p
2024-05-06,0.1620496437025733,0.2187836649919096,0.2187836649919096,15.874507866387544,0.2617585285566566,0.2617585285566566,0.2187836649919096,0.2187836649919096,0.2617585285566566,0.2617585285566566,har_forecast,0.2187836649919096,log1p
2024-05-07,0.046469280162629,0.2403447444575755,0.2403447444575755,15.874507866387544,0.1727052204546233,0.1727052204546233,0.2403447444575755,0.2403447444575755,0.1727052204546233,0.1727052204546233,har_forecast,0.2403447444575755,log1p
2024-05-08,0.0686791146821382,0.1731647775552567,0.1731647775552567,15.874507866387544,0.1993864888870001,0.1993864888870001,0.1731647775552567,0.1731647775552567,0.1993864888870001,0.1993864888870001,har_forecast,0.1731647775552567,log1p
2024-05-09,0.0928980908057707,0.1521877438686716,0.1521877438686716,15.874507866387544,0.1668725604083666,0.1668725604083666,0.1521877438686716,0.1521877438686716,0.1668725604083666,0.1668725604083666,har_forecast,0.1521877438686716,log1p
2024-05-10,0.0390889891352109,0.1540387325068373,0.1540387325068373,15.874507866387544,0.1365675949596366,0.1365675949596366,0.1540387325068373,0.1540387325068373,0.1365675949596366,0.1365675949596366,har_forecast,0.1540387325068373,log1p
2024-05-13,0.1085988343689291,0.1484608888372548,0.1484608888372548,15.874507866387544,0.1268051937734132,0.1268051937734132,0.1484608888372548,0.1484608888372548,0.1268051937734132,0.1268051937734132,har_forecast,0.1484608888372548,log1p
2024-05-14,0.2465430404775698,0.1255376480253633,0.1255376480253633,15.874507866387544,0.1668864192556608,0.1668864192556608,0.1255376480253633,0.1255376480253633,0.1668864192556608,0.1668864192556608,har_forecast,0.1255376480253633,log1p
2024-05-15,0.0786136979705465,0.134124485190108,0.134124485190108,15.874507866387544,0.0486349928885772,0.0486349928885772,0.134124485190108,0.134124485190108,0.0486349928885772,0.0486349928885772,har_forecast,0.134124485190108,log1p
2024-05-16,0.0294391359388701,0.1581593626547677,0.1581593626547677,15.874507866387544,0.177428050155721,0.177428050155721,0.1581593626547677,0.1581593626547677,0.177428050155721,0.177428050155721,har_forecast,0.1581593626547677,log1p
2024-05-17,0.1926256360184087,0.1368753924787542,0.1368753924787542,15.874507866387544,0.1414404928616752,0.1414404928616752,0.1368753924787542,0.1368753924787542,0.1414404928616752,0.1414404928616752,har_forecast,0.1368753924787542,log1p
2024-05-20,0.1374944163975903,0.1251748020270122,0.1251748020270122,15.874507866387544,0.0976942859911788,0.0976942859911788,0.1251748020270122,0.1251748020270122,0.0976942859911788,0.0976942859911788,har_forecast,0.1251748020270122,log1p
2024-05-21,0.0546651423435873,0.1503540978915562,0.1503540978915562,15.874507866387544,0.070187469096076,0.070187469096076,0.1503540978915562,0.1503540978915562,0.070187469096076,0.070187469096076,har_forecast,0.1503540978915562,log1p
2024-05-22,0.1303256083838083,0.1399651529772237,0.1399651529772237,15.874507866387544,0.1128721734347837,0.1128721734347837,0.1399651529772237,0.1399651529772237,0.1128721734347837,0.1128721734347837,har_forecast,0.1399651529772237,log1p
2024-05-23,0.1170463624921221,0.1512843683203069,0.1512843683203069,15.874507866387544,0.1067534229078286,0.1067534229078286,0.1512843683203069,0.1512843683203069,0.1067534229078286,0.1067534229078286,har_forecast,0.1512843683203069,log1p
2024-05-24,0.005903633761739,0.136958185150427,0.136958185150427,15.874507866387544,0.1182481307708961,0.1182481307708961,0.136958185150427,0.136958185150427,0.1182481307708961,0.1182481307708961,har_forecast,0.136958185150427,log1p
2024-05-28,0.0424800698302313,0.1351899968911027,0.1351899968911027,15.874507866387544,0.1173191156664753,0.1173191156664753,0.1351899968911027,0.1351899968911027,0.1173191156664753,0.1173191156664753,har_forecast,0.1351899968911027,log1p
2024-05-29,0.5456082093372088,0.1225077428379803,0.1225077428379803,15.874507866387544,0.1338190024718761,0.1338190024718761,0.1225077428379803,0.1225077428379803,0.1338190024718761,0.1338190024718761,har_forecast,0.1225077428379803,log1p
2024-05-30,0.0175997555048063,0.2247665942366584,0.2247665942366584,15.874507866387544,0.1791161929484986,0.1791161929484986,0.2247665942366584,0.2247665942366584,0.1791161929484986,0.1791161929484986,har_forecast,0.2247665942366584,log1p
2024-05-31,0.0616864585261204,0.1707168817259066,0.1707168817259066,15.874507866387544,0.2535479810644875,0.2535479810644875,0.1707168817259066,0.1707168817259066,0.2535479810644875,0.2535479810644875,har_forecast,0.1707168817259066,log1p
2024-06-03,0.0975913726089347,0.1336339119287125,0.1336339119287125,15.874507866387544,0.311042471532724,0.311042471532724,0.1336339119287125,0.1336339119287125,0.311042471532724,0.311042471532724,har_forecast,0.1336339119287125,log1p
2024-06-04,0.3000842349160458,0.1082508051914969,0.1082508051914969,15.874507866387544,0.2935580938096848,0.2935580938096848,0.1082508051914969,0.1082508051914969,0.2935580938096848,0.2935580938096848,har_forecast,0.1082508051914969,log1p
2024-06-05,0.0190816366450953,0.152499667160277,0.152499667160277,15.874507866387544,0.2202246478460184,0.2202246478460184,0.152499667160277,0.152499667160277,0.2202246478460184,0.2202246478460184,har_forecast,0.152499667160277,log1p
2024-06-06,0.0250731432037686,0.1659756968229423,0.1659756968229423,15.874507866387544,0.2689166864143645,0.2689166864143645,0.1659756968229423,0.1659756968229423,0.2689166864143645,0.2689166864143645,har_forecast,0.1659756968229423,log1p
2024-06-07,0.1498516437466987,0.1152536332429794,0.1152536332429794,15.874507866387544,0.1261565498561277,0.1261565498561277,0.1152536332429794,0.1152536332429794,0.1261565498561277,0.1261565498561277,har_forecast,0.1152536332429794,log1p
2024-06-10,0.1774612523427846,0.1066463819128924,0.1066463819128924,15.874507866387544,0.1438491919054771,0.1438491919054771,0.1066463819128924,0.1066463819128924,0.1438491919054771,0.1438491919054771,har_forecast,0.1066463819128924,log1p
2024-06-11,0.3045128621452795,0.1358315770101407,0.1358315770101407,15.874507866387544,0.1087474563827534,0.1087474563827534,0.1358315770101407,0.1358315770101407,0.1087474563827534,0.1087474563827534,har_forecast,0.1358315770101407,log1p
2024-06-12,0.0187042753361722,0.1478015370697097,0.1478015370697097,15.874507866387544,0.1676779367027951,0.1676779367027951,0.1478015370697097,0.1478015370697097,0.1676779367027951,0.1676779367027951,har_forecast,0.1478015370697097,log1p
2024-06-13,0.0355507524552854,0.1465852006904403,0.1465852006904403,15.874507866387544,0.1836616234942604,0.1836616234942604,0.1465852006904403,0.1465852006904403,0.1836616234942604,0.1836616234942604,har_forecast,0.1465852006904403,log1p
2024-06-14,0.2066878853432617,0.1239997710374102,0.1239997710374102,15.874507866387544,0.2179547810729717,0.2179547810729717,0.1239997710374102,0.1239997710374102,0.2179547810729717,0.2179547810729717,har_forecast,0.1239997710374102,log1p
2024-06-17,0.0720351559626451,0.1242364430131134,0.1242364430131134,15.874507866387544,0.2514509203255349,0.2514509203255349,0.1242364430131134,0.1242364430131134,0.2514509203255349,0.2514509203255349,har_forecast,0.1242364430131134,log1p
2024-06-18,0.0227779802821736,0.1577677774747888,0.1577677774747888,15.874507866387544,0.1090724013527651,0.1090724013527651,0.1577677774747888,0.1577677774747888,0.1090724013527651,0.1090724013527651,har_forecast,0.1577677774747888,log1p
2024-06-20,0.1446558858217125,0.12924880385138,0.12924880385138,15.874507866387544,0.1420298098762192,0.1420298098762192,0.12924880385138,0.12924880385138,0.1420298098762192,0.1420298098762192,har_forecast,0.12924880385138,log1p
2024-06-21,0.0746449168684876,0.1064245247675658,0.1064245247675658,15.874507866387544,0.0825834417728415,0.0825834417728415,0.1064245247675658,0.1064245247675658,0.0825834417728415,0.0825834417728415,har_forecast,0.1064245247675658,log1p
2024-06-24,0.1158856828740856,0.1392056479058415,0.1392056479058415,15.874507866387544,0.077618824047946,0.077618824047946,0.1392056479058415,0.1392056479058415,0.077618824047946,0.077618824047946,har_forecast,0.1392056479058415,log1p
2024-06-25,0.042537520407683,0.1222602485319861,0.1222602485319861,15.874507866387544,0.1167835680400527,0.1167835680400527,0.1222602485319861,0.1222602485319861,0.1167835680400527,0.1167835680400527,har_forecast,0.1222602485319861,log1p
2024-06-26,0.0242062544902736,0.118313459113721,0.118313459113721,15.874507866387544,0.1166934806034387,0.1166934806034387,0.118313459113721,0.118313459113721,0.1166934806034387,0.1166934806034387,har_forecast,0.118313459113721,log1p
2024-06-27,0.2081814623820519,0.1103853589487494,0.1103853589487494,15.874507866387544,0.1334792967761797,0.1334792967761797,0.1103853589487494,0.1103853589487494,0.1334792967761797,0.1334792967761797,har_forecast,0.1103853589487494,log1p
2024-06-28,0.343614388500886,0.151593336053278,0.151593336053278,15.874507866387544,0.1669724908886698,0.1669724908886698,0.151593336053278,0.151593336053278,0.1669724908886698,0.1669724908886698,har_forecast,0.151593336053278,log1p
2024-07-01,0.0883831080756261,0.1430562304910276,0.1430562304910276,15.874507866387544,0.0403636783716361,0.0403636783716361,0.1430562304910276,0.1430562304910276,0.0403636783716361,0.0403636783716361,har_forecast,0.1430562304910276,log1p
2024-07-02,0.0514165158158386,0.1500196243441288,0.1500196243441288,15.874507866387544,0.0965656415050871,0.0965656415050871,0.1500196243441288,0.1500196243441288,0.0965656415050871,0.0965656415050871,har_forecast,0.1500196243441288,log1p
2024-07-03,0.2322233856945653,0.1306075493453918,0.1306075493453918,15.874507866387544,0.1263641583526217,0.1263641583526217,0.1306075493453918,0.1306075493453918,0.1263641583526217,0.1263641583526217,har_forecast,0.1306075493453918,log1p
2024-07-05,0.0448800190259306,0.1282549710137664,0.1282549710137664,15.874507866387544,0.1494433518061786,0.1494433518061786,0.1282549710137664,0.1282549710137664,0.1494433518061786,0.1494433518061786,har_forecast,0.1282549710137664,log1p
2024-07-08,0.2297754739016703,0.1661592028042946,0.1661592028042946,15.874507866387544,0.1682253460600669,0.1682253460600669,0.1661592028042946,0.1661592028042946,0.1682253460600669,0.1682253460600669,har_forecast,0.1661592028042946,log1p
2024-07-09,0.2301162820708196,0.1820809351801794,0.1820809351801794,15.874507866387544,0.1310031356524784,0.1310031356524784,0.1820809351801794,0.1820809351801794,0.1310031356524784,0.1310031356524784,har_forecast,0.1820809351801794,log1p
2024-07-10,0.3981974773609068,0.147713078423486,0.147713078423486,15.874507866387544,0.0448785630177808,0.0448785630177808,0.147713078423486,0.147713078423486,0.0448785630177808,0.0448785630177808,har_forecast,0.147713078423486,log1p
2024-07-11,0.0402005645229341,0.230895284127377,0.230895284127377,15.874507866387544,0.2026921571482425,0.2026921571482425,0.230895284127377,0.230895284127377,0.2026921571482425,0.2026921571482425,har_forecast,0.230895284127377,log1p
2024-07-12,0.0143438792984466,0.1946436604160363,0.1946436604160363,15.874507866387544,0.1858247725353392,0.1858247725353392,0.1946436604160363,0.1946436604160363,0.1858247725353392,0.1858247725353392,har_forecast,0.1946436604160363,log1p
2024-07-15,0.1560265254742391,0.1417255135312816,0.1417255135312816,15.874507866387544,0.2273809083465786,0.2273809083465786,0.1417255135312816,0.1417255135312816,0.2273809083465786,0.2273809083465786,har_forecast,0.1417255135312816,log1p
2024-07-16,0.213312914826687,0.1582921210104887,0.1582921210104887,15.874507866387544,0.2127335218848722,0.2127335218848722,0.1582921210104887,0.1582921210104887,0.2127335218848722,0.2127335218848722,har_forecast,0.1582921210104887,log1p
2024-07-17,0.1131471461013256,0.1947226757652087,0.1947226757652087,15.874507866387544,0.2199813861727455,0.2199813861727455,0.1947226757652087,0.1947226757652087,0.2199813861727455,0.2199813861727455,har_forecast,0.1947226757652087,log1p
2024-07-18,0.1179543463641798,0.1711021044278822,0.1711021044278822,15.874507866387544,0.1385729247362561,0.1385729247362561,0.1711021044278822,0.1711021044278822,0.1385729247362561,0.1385729247362561,har_forecast,0.1711021044278822,log1p
2024-07-19,0.2103289752479522,0.1530120206222714,0.1530120206222714,15.874507866387544,0.1320096726453401,0.1320096726453401,0.1530120206222714,0.1530120206222714,0.1320096726453401,0.1320096726453401,har_forecast,0.1530120206222714,log1p
2024-07-22,0.0683053754770356,0.1372960232716671,0.1372960232716671,15.874507866387544,0.1275875592417562,0.1275875592417562,0.1372960232716671,0.1372960232716671,0.1275875592417562,0.1275875592417562,har_forecast,0.1372960232716671,log1p
2024-07-23,0.5796319875503239,0.1531569934933271,0.1531569934933271,15.874507866387544,0.1120099899258496,0.1120099899258496,0.1531569934933271,0.1531569934933271,0.1120099899258496,0.1120099899258496,har_forecast,0.1531569934933271,log1p
2024-07-24,0.3934636332125741,0.2610745754798885,0.2610745754798885,15.874507866387544,0.1384095114129441,0.1384095114129441,0.2610745754798885,0.2610745754798885,0.1384095114129441,0.1384095114129441,har_forecast,0.2610745754798885,log1p
2024-07-25,0.2585375900827509,0.2865522253612955,0.2865522253612955,15.874507866387544,0.2514560244111615,0.2514560244111615,0.2865522253612955,0.2865522253612955,0.2514560244111615,0.2514560244111615,har_forecast,0.2865522253612955,log1p
2024-07-26,0.0544064623876012,0.2023024942189879,0.2023024942189879,15.874507866387544,0.0865522709734182,0.0865522709734182,0.2023024942189879,0.2023024942189879,0.0865522709734182,0.0865522709734182,har_forecast,0.2023024942189879,log1p
2024-07-29,0.1423697754880835,0.1980472042747424,0.1980472042747424,15.874507866387544,0.170906848002655,0.170906848002655,0.1980472042747424,0.1980472042747424,0.170906848002655,0.170906848002655,har_forecast,0.1980472042747424,log1p
2024-07-30,0.1724709763874694,0.2043837961830667,0.2043837961830667,15.874507866387544,0.0700414592850753,0.0700414592850753,0.2043837961830667,0.2043837961830667,0.0700414592850753,0.0700414592850753,har_forecast,0.2043837961830667,log1p
2024-07-31,0.0471231030512455,0.2283623904823366,0.2283623904823366,15.874507866387544,0.1273827434580226,0.1273827434580226,0.2283623904823366,0.2283623904823366,0.1273827434580226,0.1273827434580226,har_forecast,0.2283623904823366,log1p
2024-08-01,0.3314998958501056,0.1759771146476908,0.1759771146476908,15.874507866387544,0.2176126064709929,0.2176126064709929,0.1759771146476908,0.1759771146476908,0.2176126064709929,0.2176126064709929,har_forecast,0.1759771146476908,log1p
2024-08-02,0.5270651892813372,0.2089775879137048,0.2089775879137048,15.874507866387544,0.1780203322139305,0.1780203322139305,0.2089775879137048,0.2089775879137048,0.1780203322139305,0.1780203322139305,har_forecast,0.2089775879137048,log1p
2024-08-05,0.1781692951487902,0.2789444663194999,0.2789444663194999,15.874507866387544,0.3521843275374811,0.3521843275374811,0.2789444663194999,0.2789444663194999,0.3521843275374811,0.3521843275374811,har_forecast,0.2789444663194999,log1p
2024-08-06,0.0469445571170265,0.2051203335271737,0.2051203335271737,15.874507866387544,0.2379205223232131,0.2379205223232131,0.2051203335271737,0.2051203335271737,0.2379205223232131,0.2379205223232131,har_forecast,0.2051203335271737,log1p
2024-08-07,0.1688291301267667,0.1927470898258005,0.1927470898258005,15.874507866387544,0.187533516496312,0.187533516496312,0.1927470898258005,0.1927470898258005,0.187533516496312,0.187533516496312,har_forecast,0.1927470898258005,log1p
2024-08-08,0.1307321471402069,0.1567404522426817,0.1567404522426817,15.874507866387544,0.1978434892009409,0.1978434892009409,0.1567404522426817,0.1567404522426817,0.1978434892009409,0.1978434892009409,har_forecast,0.1567404522426817,log1p
2024-08-09,0.0308576234069637,0.1892035438334604,0.1892035438334604,15.874507866387544,0.1228697822637795,0.1228697822637795,0.1892035438334604,0.1892035438334604,0.1228697822637795,0.1228697822637795,har_forecast,0.1892035438334604,log1p
2024-08-12,0.2785009648557362,0.1661278336705648,0.1661278336705648,15.874507866387544,0.1588812500246752,0.1588812500246752,0.1661278336705648,0.1661278336705648,0.1588812500246752,0.1588812500246752,har_forecast,0.1661278336705648,log1p
2024-08-13,0.1089030475498643,0.1390228184106041,0.1390228184106041,15.874507866387544,0.1816315853512408,0.1816315853512408,0.1390228184106041,0.1390228184106041,0.1816315853512408,0.1816315853512408,har_forecast,0.1390228184106041,log1p
2024-08-14,0.1580099028693926,0.1559564525723668,0.1559564525723668,15.874507866387544,0.2025467918523462,0.2025467918523462,0.1559564525723668,0.1559564525723668,0.2025467918523462,0.2025467918523462,har_forecast,0.1559564525723668,log1p
2024-08-15,0.0968167417495699,0.1470619425938731,0.1470619425938731,15.874507866387544,0.0658870085486292,0.0658870085486292,0.1470619425938731,0.1470619425938731,0.0658870085486292,0.0658870085486292,har_forecast,0.1470619425938731,log1p
2024-08-16,0.115657548072958,0.1654536358768844,0.1654536358768844,15.874507866387544,0.1475798932177636,0.1475798932177636,0.1654536358768844,0.1654536358768844,0.1475798932177636,0.1475798932177636,har_forecast,0.1654536358768844,log1p
2024-08-19,0.1226701770108254,0.1460989656057886,0.1460989656057886,15.874507866387544,0.0965618655841508,0.0965618655841508,0.1460989656057886,0.1460989656057886,0.0965618655841508,0.0965618655841508,har_forecast,0.1460989656057886,log1p
2024-08-20,0.0246819585716944,0.1521317263607236,0.1521317263607236,15.874507866387544,0.179532821120205,0.179532821120205,0.1521317263607236,0.1521317263607236,0.179532821120205,0.179532821120205,har_forecast,0.1521317263607236,log1p
2024-08-21,0.3248036911201798,0.1443121317323636,0.1443121317323636,15.874507866387544,0.1318511959698539,0.1318511959698539,0.1443121317323636,0.1443121317323636,0.1318511959698539,0.1318511959698539,har_forecast,0.1443121317323636,log1p
2024-08-22,0.0472997424885107,0.19665197154567,0.19665197154567,15.874507866387544,0.2452100213230814,0.2452100213230814,0.19665197154567,0.19665197154567,0.2452100213230814,0.2452100213230814,har_forecast,0.19665197154567,log1p
2024-08-23,0.1261898216587111,0.1576656988873462,0.1576656988873462,15.874507866387544,0.2705170786295348,0.2705170786295348,0.1576656988873462,0.1576656988873462,0.2705170786295348,0.2705170786295348,har_forecast,0.1576656988873462,log1p
2024-08-26,0.0134315812679171,0.1544772387857534,0.1544772387857534,15.874507866387544,0.1773899009806813,0.1773899009806813,0.1544772387857534,0.1544772387857534,0.1773899009806813,0.1773899009806813,har_forecast,0.1544772387857534,log1p
2024-08-27,0.1247720030491303,0.1270503898123191,0.1270503898123191,15.874507866387544,0.2004168373510474,0.2004168373510474,0.1270503898123191,0.1270503898123191,0.2004168373510474,0.2004168373510474,har_forecast,0.1270503898123191,log1p
2024-08-28,0.0971293890217353,0.1474406203971432,0.1474406203971432,15.874507866387544,0.2300543162136381,0.2300543162136381,0.1474406203971432,0.1474406203971432,0.2300543162136381,0.2300543162136381,har_forecast,0.1474406203971432,log1p
2024-08-29,0.1537261330752924,0.1377587457421822,0.1377587457421822,15.874507866387544,0.1476510112961627,0.1476510112961627,0.1377587457421822,0.1377587457421822,0.1476510112961627,0.1476510112961627,har_forecast,0.1377587457421822,log1p
2024-08-30,0.2957667443540748,0.1220946479322839,0.1220946479322839,15.874507866387544,0.1867391685958584,0.1867391685958584,0.1220946479322839,0.1220946479322839,0.1867391685958584,0.1867391685958584,har_forecast,0.1220946479322839,log1p
2024-09-03,0.020950634643076,0.1968197308646177,0.1968197308646177,15.874507866387544,0.1344430494812309,0.1344430494812309,0.1968197308646177,0.1968197308646177,0.1344430494812309,0.1344430494812309,har_forecast,0.1968197308646177,log1p
2024-09-04,0.0198110109040518,0.1531806972022521,0.1531806972022521,15.874507866387544,0.1465615062956423,0.1465615062956423,0.1531806972022521,0.1531806972022521,0.1465615062956423,0.1465615062956423,har_forecast,0.1531806972022521,log1p
2024-09-05,0.2622002672802161,0.1306393368619176,0.1306393368619176,15.874507866387544,0.1885653234445544,0.1885653234445544,0.1306393368619176,0.1306393368619176,0.1885653234445544,0.1885653234445544,har_forecast,0.1306393368619176,log1p
2024-09-06,0.1580735514677026,0.1645453335127821,0.1645453335127821,15.874507866387544,0.2158022236474235,0.2158022236474235,0.1645453335127821,0.1645453335127821,0.2158022236474235,0.2158022236474235,har_forecast,0.1645453335127821,log1p
2024-09-09,0.3283754489136204,0.1523003562793423,0.1523003562793423,15.874507866387544,0.1080103028982241,0.1080103028982241,0.1523003562793423,0.1523003562793423,0.1080103028982241,0.1080103028982241,har_forecast,0.1523003562793423,log1p
2024-09-10,0.3352343486860965,0.1531004805659709,0.1531004805659709,15.874507866387544,0.1977696770665438,0.1977696770665438,0.1531004805659709,0.1531004805659709,0.1977696770665438,0.1977696770665438,har_forecast,0.1531004805659709,log1p
2024-09-11,0.1479068505935422,0.1759500589935929,0.1759500589935929,15.874507866387544,0.1480922061506195,0.1480922061506195,0.1759500589935929,0.1759500589935929,0.1480922061506195,0.1480922061506195,har_forecast,0.1759500589935929,log1p
2024-09-12,0.1329067695371313,0.1795552701793357,0.1795552701793357,15.874507866387544,0.3082302637215852,0.3082302637215852,0.1795552701793357,0.1795552701793357,0.3082302637215852,0.3082302637215852,har_forecast,0.1795552701793357,log1p
2024-09-13,0.0276261042214199,0.1779917424384051,0.1779917424384051,15.874507866387544,0.1328823871688054,0.1328823871688054,0.1779917424384051,0.1779917424384051,0.1328823871688054,0.1328823871688054,har_forecast,0.1779917424384051,log1p
2024-09-16,0.1396028267764988,0.1561000925413483,0.1561000925413483,15.874507866387544,0.1626735538895273,0.1626735538895273,0.1561000925413483,0.1561000925413483,0.1626735538895273,0.1626735538895273,har_forecast,0.1561000925413483,log1p
2024-09-17,0.1591202446516287,0.1520346807189438,0.1520346807189438,15.874507866387544,0.1474561690549772,0.1474561690549772,0.1520346807189438,0.1520346807189438,0.1474561690549772,0.1474561690549772,har_forecast,0.1520346807189438,log1p
2024-09-18,0.287739216429389,0.1798847716720776,0.1798847716720776,15.874507866387544,0.0780359001638504,0.0780359001638504,0.1798847716720776,0.1798847716720776,0.0780359001638504,0.0780359001638504,har_forecast,0.1798847716720776,log1p
2024-09-19,0.1242420882475369,0.1451856317963553,0.1451856317963553,15.874507866387544,0.1564369322867188,0.1564369322867188,0.1451856317963553,0.1451856317963553,0.1564369322867188,0.1564369322867188,har_forecast,0.1451856317963553,log1p
2024-09-20,0.0643174167830473,0.1816921051186138,0.1816921051186138,15.874507866387544,0.1741155213347205,0.1741155213347205,0.1816921051186138,0.1816921051186138,0.1741155213347205,0.1741155213347205,har_forecast,0.1816921051186138,log1p
2024-09-23,0.159725240858595,0.1545789406439226,0.1545789406439226,15.874507866387544,0.1066530963292804,0.1066530963292804,0.1545789406439226,0.1545789406439226,0.1066530963292804,0.1066530963292804,har_forecast,0.1545789406439226,log1p
2024-09-24,0.1083754151185194,0.168220590204414,0.168220590204414,15.874507866387544,0.1457440654992772,0.1457440654992772,0.168220590204414,0.168220590204414,0.1457440654992772,0.1457440654992772,har_forecast,0.168220590204414,log1p
2024-09-25,0.0294165444345969,0.151586927524295,0.151586927524295,15.874507866387544,0.1235888400918681,0.1235888400918681,0.151586927524295,0.151586927524295,0.1235888400918681,0.1235888400918681,har_forecast,0.151586927524295,log1p
2024-09-26,0.1215540538029835,0.1453443072216445,0.1453443072216445,15.874507866387544,0.1104166420384814,0.1104166420384814,0.1453443072216445,0.1453443072216445,0.1104166420384814,0.1104166420384814,har_forecast,0.1453443072216445,log1p
2024-09-27,0.0843367151319749,0.1426332199596182,0.1426332199596182,15.874507866387544,0.1616802313325736,0.1616802313325736,0.1426332199596182,0.1426332199596182,0.1616802313325736,0.1616802313325736,har_forecast,0.1426332199596182,log1p
2024-09-30,0.3585477505766901,0.1280237885044282,0.1280237885044282,15.874507866387544,0.0975588817315831,0.0975588817315831,0.1280237885044282,0.1280237885044282,0.0975588817315831,0.0975588817315831,har_forecast,0.1280237885044282,log1p
2024-10-01,0.1349061824104128,0.2014916316075093,0.2014916316075093,15.874507866387544,0.0932185679582625,0.0932185679582625,0.2014916316075093,0.2014916316075093,0.0932185679582625,0.0932185679582625,har_forecast,0.2014916316075093,log1p
2024-10-02,0.0224690894953082,0.1859297036628808,0.1859297036628808,15.874507866387544,0.1437936125195392,0.1437936125195392,0.1859297036628808,0.1859297036628808,0.1437936125195392,0.1437936125195392,har_forecast,0.1859297036628808,log1p
2024-10-03,0.0183039610059745,0.1419241264114738,0.1419241264114738,15.874507866387544,0.1340379067702244,0.1340379067702244,0.1419241264114738,0.1419241264114738,0.1340379067702244,0.1340379067702244,har_forecast,0.1419241264114738,log1p
2024-10-04,0.2507358718368708,0.12413572290854,0.12413572290854,15.874507866387544,0.2023541250305332,0.2023541250305332,0.12413572290854,0.12413572290854,0.2023541250305332,0.2023541250305332,har_forecast,0.12413572290854,log1p
2024-10-07,0.1991434896926748,0.1768343662638729,0.1768343662638729,15.874507866387544,0.1630292010428182,0.1630292010428182,0.1768343662638729,0.1768343662638729,0.1630292010428182,0.1630292010428182,har_forecast,0.1768343662638729,log1p
2024-10-08,0.104918601826018,0.1606415248401882,0.1606415248401882,15.874507866387544,0.1413609580885474,0.1413609580885474,0.1606415248401882,0.1606415248401882,0.1413609580885474,0.1413609580885474,har_forecast,0.1606415248401882,log1p
2024-10-09,0.0617224481124166,0.1362598997503496,0.1362598997503496,15.874507866387544,0.1848778240412822,0.1848778240412822,0.1362598997503496,0.1362598997503496,0.1848778240412822,0.1848778240412822,har_forecast,0.1362598997503496,log1p
2024-10-10,0.0183136391799817,0.1423364855577384,0.1423364855577384,15.874507866387544,0.1628144705521581,0.1628144705521581,0.1423364855577384,0.1423364855577384,0.1628144705521581,0.1628144705521581,har_forecast,0.1423364855577384,log1p
2024-10-11,0.1071658661980588,0.1248845158585839,0.1248845158585839,15.874507866387544,0.1109198579828063,0.1109198579828063,0.1248845158585839,0.1248845158585839,0.1109198579828063,0.1109198579828063,har_forecast,0.1248845158585839,log1p
2024-10-14,0.0151577580399374,0.1262779604375954,0.1262779604375954,15.874507866387544,0.158628469294216,0.158628469294216,0.1262779604375954,0.1262779604375954,0.158628469294216,0.158628469294216,har_forecast,0.1262779604375954,log1p
2024-10-15,0.0996365147836537,0.1239168964927918,0.1239168964927918,15.874507866387544,0.0849022088910191,0.0849022088910191,0.1239168964927918,0.1239168964927918,0.0849022088910191,0.0849022088910191,har_forecast,0.1239168964927918,log1p
2024-10-16,0.0228730687764539,0.1233434774518573,0.1233434774518573,15.874507866387544,0.0657132393328277,0.0657132393328277,0.1233434774518573,0.1233434774518573,0.0657132393328277,0.0657132393328277,har_forecast,0.1233434774518573,log1p
2024-10-17,0.0547608102205174,0.1080684186269633,0.1080684186269633,15.874507866387544,0.1040665986638148,0.1040665986638148,0.1080684186269633,0.1080684186269633,0.1040665986638148,0.1040665986638148,har_forecast,0.1080684186269633,log1p
2024-10-18,0.0235192944214576,0.1007350707396756,0.1007350707396756,15.874507866387544,0.0690624731033565,0.0690624731033565,0.1007350707396756,0.1007350707396756,0.0690624731033565,0.0690624731033565,har_forecast,0.1007350707396756,log1p
2024-10-21,0.3275225813515751,0.1027617284632283,0.1027617284632283,15.874507866387544,0.1060145711718595,0.1060145711718595,0.1027617284632283,0.1027617284632283,0.1060145711718595,0.1060145711718595,har_forecast,0.1027617284632283,log1p
2024-10-22,0.1084250971132532,0.1121307178079537,0.1121307178079537,15.874507866387544,0.1828581915031337,0.1828581915031337,0.1121307178079537,0.1121307178079537,0.1828581915031337,0.1828581915031337,har_forecast,0.1121307178079537,log1p
2024-10-23,0.0048597447622656,0.1577350896096177,0.1577350896096177,15.874507866387544,0.1318525265496253,0.1318525265496253,0.1577350896096177,0.1577350896096177,0.1318525265496253,0.1318525265496253,har_forecast,0.1577350896096177,log1p
2024-10-24,0.1273117819390578,0.1149472583343706,0.1149472583343706,15.874507866387544,0.1116691366072702,0.1116691366072702,0.1149472583343706,0.1149472583343706,0.1116691366072702,0.1116691366072702,har_forecast,0.1149472583343706,log1p
2024-10-25,0.0579456239213579,0.1063431939677777,0.1063431939677777,15.874507866387544,0.1537929859731936,0.1537929859731936,0.1063431939677777,0.1063431939677777,0.1537929859731936,0.1537929859731936,har_forecast,0.1063431939677777,log1p
2024-10-28,0.1982172496355265,0.1379385144038626,0.1379385144038626,15.874507866387544,0.1712927955387837,0.1712927955387837,0.1379385144038626,0.1379385144038626,0.1712927955387837,0.1712927955387837,har_forecast,0.1379385144038626,log1p
2024-10-29,0.0213006724695397,0.1300293278519023,0.1300293278519023,15.874507866387544,0.1117571225861027,0.1117571225861027,0.1300293278519023,0.1300293278519023,0.1117571225861027,0.1117571225861027,har_forecast,0.1300293278519023,log1p
2024-10-30,0.9911536804923434,0.1257678389420506,0.1257678389420506,15.874507866387544,0.1212736233120031,0.1212736233120031,0.1257678389420506,0.1257678389420506,0.1212736233120031,0.1212736233120031,har_forecast,0.1257678389420506,log1p
2024-10-31,0.1562735392504424,0.3000835272768752,0.3000835272768752,15.874507866387544,0.2407098484844807,0.2407098484844807,0.3000835272768752,0.3000835272768752,0.2407098484844807,0.2407098484844807,har_forecast,0.3000835272768752,log1p
2024-11-01,0.0740579208082214,0.2368883689962815,0.2368883689962815,15.874507866387544,0.3638504794098037,0.3638504794098037,0.2368883689962815,0.2368883689962815,0.3638504794098037,0.3638504794098037,har_forecast,0.2368883689962815,log1p
2024-11-04,0.1161667897197788,0.1749137249882416,0.1749137249882416,15.874507866387544,0.2259922445150505,0.2259922445150505,0.1749137249882416,0.1749137249882416,0.2259922445150505,0.2259922445150505,har_forecast,0.1749137249882416,log1p
2024-11-05,0.3329104032229006,0.1355009904936302,0.1355009904936302,15.874507866387544,0.1130570138291166,0.1130570138291166,0.1355009904936302,0.1355009904936302,0.1130570138291166,0.1130570138291166,har_forecast,0.1355009904936302,log1p
2024-11-06,0.1971174385062628,0.1926916803395214,0.1926916803395214,15.874507866387544,0.3728191058928393,0.3728191058928393,0.1926916803395214,0.1926916803395214,0.3728191058928393,0.3728191058928393,har_forecast,0.1926916803395214,log1p
2024-11-07,0.1082048972944532,0.2227768413806733,0.2227768413806733,15.874507866387544,0.2169494024527029,0.2169494024527029,0.2227768413806733,0.2227768413806733,0.2169494024527029,0.2169494024527029,har_forecast,0.2227768413806733,log1p
2024-11-08,0.1711074794401609,0.1754723649325496,0.1754723649325496,15.874507866387544,0.2053355395337019,0.2053355395337019,0.1754723649325496,0.1754723649325496,0.2053355395337019,0.2053355395337019,har_forecast,0.1754723649325496,log1p
2024-11-11,0.1895053758492368,0.1778720916698836,0.1778720916698836,15.874507866387544,0.2443645217056605,0.2443645217056605,0.1778720916698836,0.1778720916698836,0.2443645217056605,0.2443645217056605,har_forecast,0.1778720916698836,log1p
2024-11-12,0.0812231822373502,0.1651630156667979,0.1651630156667979,15.874507866387544,0.1032236804317354,0.1032236804317354,0.1651630156667979,0.1651630156667979,0.1032236804317354,0.1032236804317354,har_forecast,0.1651630156667979,log1p
2024-11-13,0.0629698538482308,0.1655348836216734,0.1655348836216734,15.874507866387544,0.1032607163510677,0.1032607163510677,0.1655348836216734,0.1655348836216734,0.1032607163510677,0.1032607163510677,har_forecast,0.1655348836216734,log1p
2024-11-14,0.4484212390436494,0.1412521848380781,0.1412521848380781,15.874507866387544,0.0809011066213859,0.0809011066213859,0.1412521848380781,0.1412521848380781,0.0809011066213859,0.0809011066213859,har_forecast,0.1412521848380781,log1p
2024-11-15,0.0290451736407695,0.224956550717836,0.224956550717836,15.874507866387544,0.1131334588276595,0.1131334588276595,0.224956550717836,0.224956550717836,0.1131334588276595,0.1131334588276595,har_forecast,0.224956550717836,log1p
2024-11-18,0.0773206036647299,0.1774902105015615,0.1774902105015615,15.874507866387544,0.1068474140560906,0.1068474140560906,0.1774902105015615,0.1774902105015615,0.1068474140560906,0.1068474140560906,har_forecast,0.1774902105015615,log1p
2024-11-19,0.0876338122630369,0.13700643267192,0.13700643267192,15.874507866387544,0.1707951074085485,0.1707951074085485,0.13700643267192,0.13700643267192,0.1707951074085485,0.1707951074085485,har_forecast,0.13700643267192,log1p
2024-11-20,0.1004183507728022,0.1395031325215346,0.1395031325215346,15.874507866387544,0.1678857225774516,0.1678857225774516,0.1395031325215346,0.1395031325215346,0.1678857225774516,0.1678857225774516,har_forecast,0.1395031325215346,log1p
2024-11-21,0.1580062820924392,0.1624015846214971,0.1624015846214971,15.874507866387544,0.1147726065583945,0.1147726065583945,0.1624015846214971,0.1624015846214971,0.1147726065583945,0.1147726065583945,har_forecast,0.1624015846214971,log1p
2024-11-22,0.0679968601751326,0.1505710671324562,0.1505710671324562,15.874507866387544,0.179209027363436,0.179209027363436,0.1505710671324562,0.1505710671324562,0.179209027363436,0.179209027363436,har_forecast,0.1505710671324562,log1p
2024-11-25,0.3449560186952194,0.1313725313950136,0.1313725313950136,15.874507866387544,0.1437173096270648,0.1437173096270648,0.1313725313950136,0.1313725313950136,0.1437173096270648,0.1437173096270648,har_forecast,0.1313725313950136,log1p
2024-11-26,0.1865459929731951,0.1436470981799959,0.1436470981799959,15.874507866387544,0.0812443656025994,0.0812443656025994,0.1436470981799959,0.1436470981799959,0.0812443656025994,0.0812443656025994,har_forecast,0.1436470981799959,log1p
2024-11-27,0.0176290129445248,0.2051624493666628,0.2051624493666628,15.874507866387544,0.1843124711589093,0.1843124711589093,0.2051624493666628,0.2051624493666628,0.1843124711589093,0.1843124711589093,har_forecast,0.2051624493666628,log1p
2024-11-29,0.2794337608053285,0.1526995688083464,0.1526995688083464,15.874507866387544,0.154793672100928,0.154793672100928,0.1526995688083464,0.1526995688083464,0.154793672100928,0.154793672100928,har_forecast,0.1526995688083464,log1p
2024-12-02,0.0081013502760817,0.1451289589630751,0.1451289589630751,15.874507866387544,0.1623777179726853,0.1623777179726853,0.1451289589630751,0.1451289589630751,0.1623777179726853,0.1623777179726853,har_forecast,0.1451289589630751,log1p
2024-12-03,0.2273517605566878,0.166545494163091,0.166545494163091,15.874507866387544,0.2596594865919746,0.2596594865919746,0.166545494163091,0.166545494163091,0.2596594865919746,0.2596594865919746,har_forecast,0.166545494163091,log1p
2024-12-04,0.1876008139058236,0.1445693794970113,0.1445693794970113,15.874507866387544,0.125032870768677,0.125032870768677,0.1445693794970113,0.1445693794970113,0.125032870768677,0.125032870768677,har_forecast,0.1445693794970113,log1p
2024-12-05,0.0340355499143049,0.1518000535959792,0.1518000535959792,15.874507866387544,0.1033181609270323,0.1033181609270323,0.1518000535959792,0.1518000535959792,0.1033181609270323,0.1033181609270323,har_forecast,0.1518000535959792,log1p
2024-12-06,0.0874388248354166,0.1386120165335295,0.1386120165335295,15.874507866387544,0.127987451149263,0.127987451149263,0.1386120165335295,0.1386120165335295,0.127987451149263,0.127987451149263,har_forecast,0.1386120165335295,log1p
2024-12-09,0.0960310256116434,0.1346692574664735,0.1346692574664735,15.874507866387544,0.1533425793043705,0.1533425793043705,0.1346692574664735,0.1346692574664735,0.1533425793043705,0.1533425793043705,har_forecast,0.1346692574664735,log1p
2024-12-10,0.2013873498854135,0.1427848202632391,0.1427848202632391,15.874507866387544,0.1777022683435195,0.1777022683435195,0.1427848202632391,0.1427848202632391,0.1777022683435195,0.1777022683435195,har_forecast,0.1427848202632391,log1p
2024-12-11,0.0201404197627394,0.1389907222646087,0.1389907222646087,15.874507866387544,0.121766461805686,0.121766461805686,0.1389907222646087,0.1389907222646087,0.121766461805686,0.121766461805686,har_forecast,0.1389907222646087,log1p
2024-12-12,0.0810696301704388,0.1370880925309847,0.1370880925309847,15.874507866387544,0.1265519472275346,0.1265519472275346,0.1370880925309847,0.1370880925309847,0.1265519472275346,0.1265519472275346,har_forecast,0.1370880925309847,log1p
2024-12-13,0.1525899904181915,0.1292445518445021,0.1292445518445021,15.874507866387544,0.094782216776283,0.094782216776283,0.1292445518445021,0.1292445518445021,0.094782216776283,0.094782216776283,har_forecast,0.1292445518445021,log1p
2024-12-16,0.1005682093826733,0.1208820202507283,0.1208820202507283,15.874507866387544,0.0989243880401997,0.0989243880401997,0.1208820202507283,0.1208820202507283,0.0989243880401997,0.0989243880401997,har_forecast,0.1208820202507283,log1p
2024-12-17,0.6077492320874229,0.1310455408849797,0.1310455408849797,15.874507866387544,0.1383751243591146,0.1383751243591146,0.1310455408849797,0.1310455408849797,0.1383751243591146,0.1383751243591146,har_forecast,0.1310455408849797,log1p
2024-12-18,0.0130716931951747,0.2572615539916058,0.2572615539916058,15.874507866387544,0.1800171597742179,0.1800171597742179,0.2572615539916058,0.2572615539916058,0.1800171597742179,0.1800171597742179,har_forecast,0.2572615539916058,log1p
2024-12-19,0.0156265756149054,0.1854316816944389,0.1854316816944389,15.874507866387544,0.1744672529158436,0.1744672529158436,0.1854316816944389,0.1854316816944389,0.1744672529158436,0.1744672529158436,har_forecast,0.1854316816944389,log1p
2024-12-20,0.0491614371457668,0.1367861834375393,0.1367861834375393,15.874507866387544,0.288312293227533,0.288312293227533,0.1367861834375393,0.1367861834375393,0.288312293227533,0.288312293227533,har_forecast,0.1367861834375393,log1p
2024-12-23,0.1481128079384264,0.1198018196279663,0.1198018196279663,15.874507866387544,0.1651244776073372,0.1651244776073372,0.1198018196279663,0.1198018196279663,0.1651244776073372,0.1651244776073372,har_forecast,0.1198018196279663,log1p
2024-12-24,0.0441441741317172,0.143456939346717,0.143456939346717,15.874507866387544,0.1908853608433112,0.1908853608433112,0.143456939346717,0.143456939346717,0.1908853608433112,0.1908853608433112,har_forecast,0.143456939346717,log1p
2024-12-26,0.2770574992107094,0.1557554775323433,0.1557554775323433,15.874507866387544,0.1202009749901369,0.1202009749901369,0.1557554775323433,0.1557554775323433,0.1202009749901369,0.1202009749901369,har_forecast,0.1557554775323433,log1p
2024-12-27,0.2115746109213362,0.164507842002517,0.164507842002517,15.874507866387544,0.1692690756632067,0.1692690756632067,0.164507842002517,0.164507842002517,0.1692690756632067,0.1692690756632067,har_forecast,0.164507842002517,log1p
2024-12-30,0.1249209449428172,0.1856211383941316,0.1856211383941316,15.874507866387544,0.2132838203993033,0.2132838203993033,0.1856211383941316,0.1856211383941316,0.2132838203993033,0.2132838203993033,har_forecast,0.1856211383941316,log1p
