date,actual_volatility,har_forecast,har_sentiment_forecast,har_log_forecast,xgb_forecast,xgb_sentiment_forecast,preferred_model,preferred_prediction,preferred_source
2023-12-14,0.1541682738151439,0.3253138762875449,0.3587838431154926,0.2072151279192292,0.3444856994324453,0.3444856994324453,har_forecast,0.3253138762875449,raw
2023-12-15,0.0891721638339942,0.3890191408605384,0.4850971755787105,0.2272965257812946,0.133500424082228,0.133500424082228,har_forecast,0.3890191408605384,raw
2023-12-18,0.3204309078604818,0.3573237185529587,0.4812209859501272,0.1952490019585138,0.0998498145343986,0.0998498145343986,har_forecast,0.3573237185529587,raw
2023-12-19,0.6346116986979565,0.2806350627854528,0.4217502573956604,0.1918340040266284,0.3899275791396179,0.3899275791396179,har_forecast,0.2806350627854528,raw
2023-12-20,0.4658510978645733,0.3876701850448066,0.3877318907624732,0.1998405247398142,0.4867460003039521,0.4867460003039521,har_forecast,0.3876701850448066,raw
2023-12-21,0.1227291629372193,0.3475956357921975,0.4210104618787622,0.2162891608751171,0.2363066247852515,0.2363066247852515,har_forecast,0.3475956357921975,raw
2023-12-22,0.2537975055690302,0.3515080960677826,0.4731861379286244,0.2105324463275305,0.299511011503541,0.299511011503541,har_forecast,0.3515080960677826,raw
2023-12-26,0.2960191791952689,0.3289903273717604,0.4468457470894827,0.1984211776540025,0.2480730168862243,0.2480730168862243,har_forecast,0.3289903273717604,raw
2023-12-27,0.5096376091841207,0.3161755713760674,0.4368640133710512,0.2028605352195018,0.36081181143673,0.36081181143673,har_forecast,0.3161755713760674,raw
2023-12-28,0.2974617205358408,0.3714629595269154,0.4042925233834697,0.2076685050438452,0.3772867405320635,0.3772867405320635,har_forecast,0.3714629595269154,raw
2023-12-29,0.0038334945952427,0.3820459139273466,0.4487173559687629,0.2147986746852088,0.4102019430045782,0.4102019430045782,har_forecast,0.3820459139273466,raw
2024-01-02,0.6502392535447451,0.3340227503189648,0.4901992806215745,0.1865855708718874,0.336731766975007,0.336731766975007,har_forecast,0.3340227503189648,raw
2024-01-03,0.034656431303448,0.3821062361532422,0.3798478641378149,0.1667093872981114,0.4225913638341901,0.4225913638341901,har_forecast,0.3821062361532422,raw
2024-01-04,0.0293827858001583,0.3881755925333234,0.5035625397615988,0.2096397117578319,0.128758578515413,0.128758578515413,har_forecast,0.3881755925333234,raw
2024-01-05,0.1966314105347708,0.3523663138409504,0.4895976999621723,0.1827364451290078,0.1811447633356031,0.1811447633356031,har_forecast,0.3523663138409504,raw
2024-01-08,0.3666509613940109,0.2793659259205146,0.4403643322370852,0.1844668905148958,0.1411955875621469,0.1411955875621469,har_forecast,0.2793659259205146,raw
2024-01-09,0.069064154707035,0.3626930533908167,0.4284083405500082,0.2023126363705636,0.2636772021701593,0.2636772021701593,har_forecast,0.3626930533908167,raw
2024-01-10,0.4626778688343038,0.3406632280634937,0.4794657516542318,0.2061060053203427,0.2249726515495992,0.2249726515495992,har_forecast,0.3406632280634937,raw
2024-01-11,0.5929033246971479,0.3784015610111474,0.4139351744218104,0.1905961770519255,0.3694957303301412,0.3694957303301412,har_forecast,0.3784015610111474,raw
2024-01-12,0.0738017087453264,0.4228809703939722,0.4047266586384542,0.2165470268242521,0.3819820364721576,0.3819820364721576,har_forecast,0.4228809703939722,raw
2024-01-16,0.3178945293710281,0.3428085873476888,0.4816314119076294,0.2198049227470114,0.1329719669205092,0.1329719669205092,har_forecast,0.3428085873476888,raw
2024-01-17,0.2726099968007942,0.3932836638581748,0.445005766186629,0.2045050932940768,0.3297982101680495,0.3297982101680495,har_forecast,0.3932836638581748,raw
2024-01-18,0.023208713061611,0.3737653419581666,0.4486834003412034,0.2187550351063377,0.4597088744760458,0.4597088744760458,har_forecast,0.3737653419581666,raw
2024-01-19,0.2556627685563752,0.3234330068295881,0.4824266706583979,0.200706676866525,0.2935552998372107,0.2935552998372107,har_forecast,0.3234330068295881,raw
2024-01-22,0.0258279930108699,0.3550386686288193,0.4455463219678479,0.1850728641016548,0.304394017633914,0.304394017633914,har_forecast,0.3550386686288193,raw
2024-01-23,0.0997464321558888,0.3387089349859926,0.4869122531184976,0.1953088908955213,0.5428902883551233,0.5428902883551233,har_forecast,0.3387089349859926,raw
2024-01-24,2.0519098634669675,0.334284240880526,0.4695900959992783,0.178575165420899,0.6792376036689143,0.6792376036689143,har_forecast,0.334284240880526,raw
2024-01-25,0.0537997521259526,0.4853460150338459,0.150006093552615,0.1896555315623821,0.4417792824420382,0.4417792824420382,har_forecast,0.4853460150338459,raw
2024-01-26,0.6517356925795829,0.5557862002796118,0.5581824063594242,0.2839109395288427,0.4141059322999837,0.4141059322999837,har_forecast,0.5557862002796118,raw
2024-01-29,0.0547801109692373,0.4784919002956614,0.4211323607879101,0.2513643119287965,0.3782645618438278,0.3782645618438278,har_forecast,0.4784919002956614,raw
2024-01-30,0.3603429325283019,0.3703690845159546,0.488733030040419,0.2738005317097336,0.4765074693196076,0.4765074693196076,har_forecast,0.3703690845159546,raw
2024-01-31,0.1325175528679757,0.4328351633125408,0.4422027206955234,0.2521517239487578,0.4988358704115528,0.4988358704115528,har_forecast,0.4328351633125408,raw
2024-02-01,0.0800529013244815,0.361828158458843,0.4753281518960245,0.2687044493565161,0.3689041822892027,0.3689041822892027,har_forecast,0.361828158458843,raw
2024-02-02,0.5894949241770278,0.3518060553377133,0.4773976485302814,0.2403720142666902,0.2505481145648511,0.2505481145648511,har_forecast,0.3518060553377133,raw
2024-02-05,0.3503154327904234,0.3851669210328283,0.3893076311930699,0.2430859396405551,0.1887026550046814,0.1887026550046814,har_forecast,0.3851669210328283,raw
2024-02-06,0.2112766554383085,0.3838159080394345,0.4485467299093242,0.2617932678401424,0.1601247403494956,0.1601247403494956,har_forecast,0.3838159080394345,raw
2024-02-07,0.1666847673942015,0.353471819800084,0.4594829513653362,0.2561862677991623,0.2704754386076199,0.2704754386076199,har_forecast,0.353471819800084,raw
2024-02-08,0.3323115150210298,0.3445412248287328,0.4624819485041641,0.2488947872209409,0.339036782373294,0.339036782373294,har_forecast,0.3445412248287328,raw
2024-02-09,0.4525187659660953,0.3406137518640557,0.4332188740728869,0.2491501767174639,0.3176122184159968,0.3176122184159968,har_forecast,0.3406137518640557,raw
2024-02-12,0.3506483309933461,0.4084972462446105,0.423215772004073,0.2592538497827334,0.5478798845599245,0.5478798845599245,har_forecast,0.4084972462446105,raw
2024-02-13,0.3995139005537991,0.4006559021409849,0.4402751884649772,0.2619315167516163,0.3430544278233471,0.3430544278233471,har_forecast,0.4006559021409849,raw
2024-02-14,0.9580796205225548,0.3624963212999167,0.4293938886944541,0.2586820783413522,0.6344176717545389,0.6344176717545389,har_forecast,0.3624963212999167,raw
2024-02-15,0.0396466442553469,0.3665229813172329,0.3367765546011668,0.2635930365019602,0.315632695968102,0.315632695968102,har_forecast,0.3665229813172329,raw
2024-02-16,0.4992067374812406,0.43656909355648,0.5137500241427801,0.2745687794240782,0.2882578115851986,0.2882578115851986,har_forecast,0.43656909355648,raw
2024-02-20,0.0825338796831302,0.4662392996694031,0.4296479424731614,0.24709183061139,0.1948619249186606,0.1948619249186606,har_forecast,0.4662392996694031,raw
2024-02-21,0.2137249389091068,0.3900810721648157,0.4908006969558731,0.2703073612526086,0.298645587235184,0.298645587235184,har_forecast,0.3900810721648157,raw
2024-02-22,0.4435922735421646,0.3841030416653911,0.4637736340060208,0.2528738008620175,0.2467903509093995,0.2467903509093995,har_forecast,0.3841030416653911,raw
2024-02-23,0.6028139698585355,0.4068226314468462,0.4215167032102881,0.2663284556600568,0.4439404996254043,0.4439404996254043,har_forecast,0.4068226314468462,raw
2024-02-26,0.0262501841149373,0.3920131953350299,0.4027995492639458,0.2718486972568015,0.2224035344955939,0.2224035344955939,har_forecast,0.3920131953350299,raw
2024-02-27,0.1825446374684086,0.3987945822224067,0.5004920351667828,0.2681830126442271,0.3594670391833885,0.3594670391833885,har_forecast,0.3987945822224067,raw
2024-02-28,0.0125754471745367,0.3699442261041338,0.4676742333489618,0.199044117645549,0.4117753288800198,0.4117753288800198,har_forecast,0.3699442261041338,raw
2024-02-29,0.0596487335341658,0.3363150456427705,0.4853101205480332,0.2082440246408237,0.5269144707054281,0.5269144707054281,har_forecast,0.3363150456427705,raw
2024-03-01,1.1785971119026972,0.3322775377056455,0.4766818160212835,0.1837586514866612,0.4108969322680653,0.4108969322680653,har_forecast,0.3322775377056455,raw
2024-03-04,0.636993177381264,0.4331742424586372,0.2938610226055672,0.2049825318118837,0.409217777277914,0.409217777277914,har_forecast,0.4331742424586372,raw
2024-03-05,0.373243386355023,0.5212799515402823,0.4301897535457231,0.2592351909959818,0.2194911532031324,0.2194911532031324,har_forecast,0.5212799515402823,raw
2024-03-06,0.1886067542016194,0.4316614684473958,0.4468368296018555,0.2565639665001378,0.4455668300006618,0.4455668300006618,har_forecast,0.4316614684473958,raw
2024-03-07,0.2968790936543152,0.3696568778444865,0.4654075603533592,0.2495941845398138,0.5713922624170833,0.5713922624170833,har_forecast,0.3696568778444865,raw
2024-03-08,0.2184916256913493,0.3931264477821745,0.4455156059096667,0.2403744220870111,0.6320096913789007,0.6320096913789007,har_forecast,0.3931264477821745,raw
2024-03-11,0.0205528228699275,0.3668861726395883,0.45973439870456,0.2438970648036439,0.5537996752587985,0.5537996752587985,har_forecast,0.3668861726395883,raw
2024-03-12,0.7375454667216624,0.3608488756657507,0.4895238896234843,0.2249424626691184,0.5458632857579054,0.5458632857579054,har_forecast,0.3608488756657507,raw
2024-03-13,0.6676325705083734,0.4248556471011105,0.3714772721982438,0.2098814991368267,0.2991946729618129,0.2991946729618129,har_forecast,0.4248556471011105,raw
2024-03-14,0.1041856060014685,0.4956041085648083,0.4112936124372374,0.2567694734434351,0.3877586815397862,0.3877586815397862,har_forecast,0.4956041085648083,raw
2024-03-15,0.9630135635704108,0.3603431759378486,0.4787850521753733,0.2535317114290508,0.2953234784806048,0.2953234784806048,har_forecast,0.3603431759378486,raw
2024-03-18,0.2281489809404392,0.3972783319761679,0.3428782069299909,0.2404784114246832,0.3733807187106396,0.3733807187106396,har_forecast,0.3972783319761679,raw
2024-03-19,0.3971346879031019,0.4873399923746614,0.4925906228293084,0.2721866981895614,0.8520995964143664,0.8520995964143664,har_forecast,0.4873399923746614,raw
2024-03-20,0.2587496609886049,0.4039359446491026,0.4420456970420394,0.2484326023437515,0.2142413431734343,0.2142413431734343,har_forecast,0.4039359446491026,raw
2024-03-21,0.1838539800968866,0.3892407387586547,0.4529245753379615,0.2532038406157693,0.3596882437176905,0.3596882437176905,har_forecast,0.3892407387586547,raw
2024-03-22,0.1663915661538938,0.3892611849256732,0.4663216561986127,0.2431925625209766,0.4733075736563805,0.4733075736563805,har_forecast,0.3892611849256732,raw
2024-03-25,0.4568251994607095,0.3593468513360225,0.4647505613399602,0.2395167008854143,0.4271511293689632,0.4271511293689632,har_forecast,0.3593468513360225,raw
2024-03-26,0.1918288804419281,0.3544775990665611,0.4149151089953564,0.2341689854631424,0.3511568143726286,0.3511568143726286,har_forecast,0.3544775990665611,raw
2024-03-27,0.3606991031578399,0.3863796281254242,0.4713004101324554,0.2440382830526693,0.3337424203115653,0.3337424203115653,har_forecast,0.3863796281254242,raw
2024-03-28,0.051556090261482,0.4020189129104773,0.4373724493923692,0.2318450004356338,0.1992329623960335,0.1992329623960335,har_forecast,0.4020189129104773,raw
2024-04-01,0.7979562568542059,0.3753153814937393,0.4888741445788002,0.2332739119468899,0.3639610090541733,0.3639610090541733,har_forecast,0.3753153814937393,raw
2024-04-02,0.1658496202765071,0.4465550729813784,0.3666063165927485,0.2230747019022238,0.38711428178953,0.38711428178953,har_forecast,0.4465550729813784,raw
2024-04-03,0.2553139834740075,0.4453525602939718,0.4954231342692106,0.2590222339554316,0.3876112540220429,0.3876112540220429,har_forecast,0.4453525602939718,raw
2024-04-04,0.5868398465779554,0.4048597328603733,0.4635458190043564,0.2421669911773907,0.1947043835758702,0.1947043835758702,har_forecast,0.4048597328603733,raw
2024-04-05,0.7593850805007254,0.3992340633211428,0.3935141898932321,0.2349312608179033,0.308256879944559,0.308256879944559,har_forecast,0.3992340633211428,raw
2024-04-08,0.3539318041884139,0.3945078090406377,0.3802456620194131,0.2454864259791342,0.1565418032692775,0.1565418032692775,har_forecast,0.3945078090406377,raw
2024-04-09,0.4662889450691984,0.3876525941770447,0.44635600750929,0.2539045103300831,0.034502860976799,0.034502860976799,har_forecast,0.3876525941770447,raw
2024-04-10,0.2603348930099444,0.4480220491172584,0.4307066219313541,0.2452280754894593,0.5403346446756226,0.5403346446756226,har_forecast,0.4480220491172584,raw
2024-04-11,0.3260901576408254,0.3774972037446207,0.4557842451517419,0.2484589918005734,0.4992630497617275,0.4992630497617275,har_forecast,0.3774972037446207,raw
2024-04-12,0.9139693889208172,0.4221350522474726,0.4478791055836814,0.2432232540295144,0.5591743481075625,0.5591743481075625,har_forecast,0.4221350522474726,raw
2024-04-15,0.4355182136108307,0.4697652010054238,0.3507750141848289,0.2499431421543703,0.4495805790883581,0.4495805790883581,har_forecast,0.4697652010054238,raw
2024-04-16,0.1686203555610316,0.4901489059968409,0.4521096688174872,0.2635095238568667,0.3543689531158437,0.3543689531158437,har_forecast,0.4901489059968409,raw
2024-04-17,0.5739531061623384,0.4302563625042158,0.4819462433934002,0.2482448916379771,0.4847326527215367,0.4847326527215367,har_forecast,0.4302563625042158,raw
2024-04-18,0.3078985241379469,0.4319793593527122,0.4029269131593431,0.2421310003921096,0.4737802414074602,0.4737802414074602,har_forecast,0.4319793593527122,raw
2024-04-19,0.5491556763612548,0.4456534633791576,0.4612749109238353,0.2468656516241324,0.3894745289023994,0.3894745289023994,har_forecast,0.4456534633791576,raw
2024-04-22,0.2912214451857642,0.4441890706899888,0.4127984012421501,0.2429182085480093,0.4580545556812188,0.4580545556812188,har_forecast,0.4441890706899888,raw
2024-04-23,1.807696188665744,0.4014900991711415,0.4582598354344123,0.2456151619112647,0.3741630543723513,0.3741630543723513,har_forecast,0.4014900991711415,raw
2024-04-24,0.7692491993055098,0.4394639305404766,0.204996599478733,0.2456048694280156,0.2866956046924484,0.2866956046924484,har_forecast,0.4394639305404766,raw
2024-04-25,0.1772867507478573,0.5915916271648202,0.4403914877082995,0.3104259343989455,0.4279408802296749,0.4279408802296749,har_forecast,0.5915916271648202,raw
2024-04-26,2.2609622101875715,0.5246874564321886,0.5045416853488202,0.2967887029514187,0.9690586926294222,0.9690586926294222,har_forecast,0.5246874564321886,raw
2024-04-29,0.9064477664056502,0.5078650169195906,0.1333241266085287,0.2884501493333641,0.9180631009951918,0.9180631009951918,har_forecast,0.5078650169195906,raw
2024-04-30,0.2875461870272441,0.812178542259143,0.4537940195399675,0.3632155075177063,1.030805106348203,1.030805106348203,har_forecast,0.812178542259143,raw
2024-05-01,0.0017628653061205,0.6225514726197405,0.5042926996228547,0.34677770271607,0.9182140788177416,0.9182140788177416,har_forecast,0.6225514726197405,raw
2024-05-02,0.1037215506032154,0.4880381720055903,0.5129534834341789,0.2997812735723824,0.4804276796753457,0.4804276796753457,har_forecast,0.4880381720055903,raw
2024-05-03,0.3097344745669985,0.4655875589954902,0.4877605036213179,0.2521180939543099,0.3131053538949896,0.3131053538949896,har_forecast,0.4655875589954902,raw
2024-05-06,0.6086620489225315,0.449880361196439,0.456459745716523,0.3080536882443075,0.3799856930529712,0.3799856930529712,har_forecast,0.449880361196439,raw
2024-05-07,0.2782936351879029,0.5221348700144701,0.4151292667296009,0.3123327948454191,0.2703010210060398,0.2703010210060398,har_forecast,0.5221348700144701,raw
2024-05-08,0.2518435024709929,0.5035675996368812,0.4748367900827886,0.3129703751814151,0.4040094054302292,0.4040094054302292,har_forecast,0.5035675996368812,raw
2024-05-09,0.3264171939782881,0.486546630451387,0.4734542683997607,0.2989815279569969,0.3179320393516234,0.3179320393516234,har_forecast,0.486546630451387,raw
2024-05-10,0.3190305266307431,0.4588925765333655,0.4503879310173744,0.2994630528619252,0.3820770782927798,0.3820770782927798,har_forecast,0.4588925765333655,raw
2024-05-13,0.5142950478400149,0.4442860672450544,0.4566202638687965,0.3033884747518429,0.1344645737723221,0.1344645737723221,har_forecast,0.4442860672450544,raw
2024-05-14,0.321528929091943,0.4393600878734374,0.4222540365928984,0.3057623691732383,0.4633531175786629,0.4633531175786629,har_forecast,0.4393600878734374,raw
2024-05-15,0.0773626866114167,0.4971675295356332,0.4645705452270397,0.3095070846111922,0.4102017100084976,0.4102017100084976,har_forecast,0.4971675295356332,raw
2024-05-16,0.2361177505220189,0.443102677644229,0.4974257188662105,0.2922875968077688,0.4863800054624686,0.4863800054624686,har_forecast,0.443102677644229,raw
2024-05-17,0.2261334419630904,0.4223421674068924,0.4643676396036725,0.2777245861924206,0.3248913116921528,0.3248913116921528,har_forecast,0.4223421674068924,raw
2024-05-20,1.023383799630171,0.4527613818851251,0.4695739693818105,0.2911943070849324,0.2954610633599297,0.2954610633599297,har_forecast,0.4527613818851251,raw
2024-05-21,0.5619503140507347,0.4201006740602603,0.3319475068992343,0.295677122981789,0.3306522769622405,0.3306522769622405,har_forecast,0.4201006740602603,raw
2024-05-22,0.5716063946771801,0.5711394222066319,0.4473481528675916,0.3271090682719608,0.620098047379591,0.620098047379591,har_forecast,0.5711394222066319,raw
2024-05-23,0.4947411041232601,0.5226630718027464,0.4268323365737733,0.3199253751988086,0.7375397008482456,0.7375397008482456,har_forecast,0.5226630718027464,raw
2024-05-24,0.2220750909765207,0.4369645197657802,0.4266127547959474,0.3224554859264567,0.3016554999568665,0.3016554999568665,har_forecast,0.4369645197657802,raw
2024-05-28,0.050375095186253,0.4568537496039988,0.4740267737003152,0.2980828667033964,0.4649307178331103,0.4649307178331103,har_forecast,0.4568537496039988,raw
2024-05-29,0.2325444458237022,0.4246536211271001,0.4976588451518875,0.2769075733077894,0.5859894866592094,0.5859894866592094,har_forecast,0.4246536211271001,raw
2024-05-30,0.0631646255678706,0.3911240284593074,0.4581453842086506,0.2604559800199103,0.2810827833201834,0.2810827833201834,har_forecast,0.3911240284593074,raw
2024-05-31,0.1603733205225326,0.3767772586052785,0.4859670527017713,0.2259594374280674,0.594314458745113,0.594314458745113,har_forecast,0.3767772586052785,raw
2024-06-03,0.1374649832037277,0.3605014500532886,0.4632080670386439,0.202642578420663,0.3709411411498772,0.3709411411498772,har_forecast,0.3605014500532886,raw
2024-06-04,0.0208769732549005,0.3519928558237417,0.4659711103771195,0.2046749847272577,0.4917832775984852,0.4917832775984852,har_forecast,0.3519928558237417,raw
2024-06-05,0.2644765178195571,0.33289948021233,0.4826790535885217,0.1958964682787459,0.6591529993416811,0.6591529993416811,har_forecast,0.33289948021233,raw
2024-06-06,0.0410915779243857,0.3346882157381887,0.4425456190081088,0.1876238005101566,0.3853585434337313,0.3853585434337313,har_forecast,0.3346882157381887,raw
2024-06-07,0.3335276534211315,0.3582619943586002,0.487515582988838,0.2041762311742134,0.6801449376265195,0.6801449376265195,har_forecast,0.3582619943586002,raw
2024-06-10,0.288508712465903,0.3657778562620063,0.4333215299023032,0.1893122996272137,0.2915462404444012,0.2915462404444012,har_forecast,0.3657778562620063,raw
2024-06-11,0.6050326979753247,0.3814974010342393,0.448740969171524,0.2109867779223872,0.6833193219965313,0.6833193219965313,har_forecast,0.3814974010342393,raw
2024-06-12,0.4571701202733424,0.3270552672345611,0.3864320566966323,0.2141054185142766,0.4744513653112233,0.4744513653112233,har_forecast,0.3270552672345611,raw
2024-06-13,0.3928319211174303,0.3745924369239041,0.427504815277488,0.2296350213975972,0.138639736950479,0.138639736950479,har_forecast,0.3745924369239041,raw
2024-06-14,0.8194279613049037,0.394678161332617,0.4321326213951246,0.2290601120477255,0.2288663794536157,0.2288663794536157,har_forecast,0.394678161332617,raw
2024-06-17,0.2200210296359037,0.3520904817888376,0.3573580748925941,0.2296832224096436,0.385929144688387,0.385929144688387,har_forecast,0.3520904817888376,raw
2024-06-18,0.2850663244804458,0.427661655945721,0.4771174127332123,0.2438642119379899,0.5660315940962869,0.5660315940962869,har_forecast,0.427661655945721,raw
2024-06-20,0.1254002227956724,0.4228794331768689,0.4590645239909247,0.2313540633615976,0.6372808633619151,0.6372808633619151,har_forecast,0.4228794331768689,raw
2024-06-21,0.0373419695840326,0.3362699029888129,0.4668034083813304,0.2298760118314579,0.3416622888657137,0.3416622888657137,har_forecast,0.3362699029888129,raw
2024-06-24,0.4094053779202241,0.3599102111607679,0.4861715735767832,0.2156477881994253,0.2255246673439373,0.2255246673439373,har_forecast,0.3599102111607679,raw
2024-06-25,0.7464519356206266,0.3216711789927271,0.4159622913395771,0.1970019543702764,0.3041466223599302,0.3041466223599302,har_forecast,0.3216711789927271,raw
2024-06-26,0.0846558901517008,0.362015742436463,0.3751069832572634,0.213373099310726,0.1771867177643067,0.1771867177643067,har_forecast,0.362015742436463,raw
2024-06-27,0.0369460330773387,0.3600660529144378,0.4871842307889786,0.2208870112592917,0.1659678824316017,0.1659678824316017,har_forecast,0.3600660529144378,raw
2024-06-28,0.9331009309159044,0.3591732890025442,0.4915203441768442,0.193338944693292,0.0716421239023818,0.0716421239023818,har_forecast,0.3591732890025442,raw
2024-07-01,1.5414456740294105,0.2930152400735899,0.3205593394463422,0.1957244885904179,0.315016019385679,0.315016019385679,har_forecast,0.2930152400735899,raw
2024-07-02,1.0060159647946687,0.4565062329798321,0.2689790224023802,0.2484749940009154,0.270610205040553,0.270610205040553,har_forecast,0.4565062329798321,raw
2024-07-03,0.327124114925003,0.4466321087612623,0.3593722843242539,0.2900126462001549,0.4149493670481465,0.4149493670481465,har_forecast,0.4466321087612623,raw
2024-07-05,0.0893701436812339,0.4586166190128282,0.4703659775045932,0.2904941181490288,0.5574500093391044,0.5574500093391044,har_forecast,0.4586166190128282,raw
2024-07-08,0.5786398749228449,0.4258992163279004,0.4953575227682313,0.2712104586349255,0.6817973099374385,0.6817973099374385,har_forecast,0.4258992163279004,raw
2024-07-09,0.0561794402880927,0.3815484989056917,0.3981611297334089,0.2639395022926596,0.5647470155500989,0.5647470155500989,har_forecast,0.3815484989056917,raw
2024-07-10,1.400461340449618,0.4477700508296895,0.508859593037341,0.2780356070839589,0.4394164248442483,0.4394164248442483,har_forecast,0.4477700508296895,raw
2024-07-11,0.4672552890388876,0.5446367142378523,0.2802631831700418,0.2571426601209151,0.3229634254077545,0.3229634254077545,har_forecast,0.5446367142378523,raw
2024-07-12,0.2795473780496455,0.5604464132371327,0.4794105078238222,0.3122620522158867,0.4734355271096482,0.4734355271096482,har_forecast,0.5604464132371327,raw
2024-07-15,0.2444197623382265,0.4776095507210428,0.4780505616919968,0.295882126238976,0.9108108032057608,0.9108108032057608,har_forecast,0.4776095507210428,raw
2024-07-16,0.5067095340176544,0.3981505041472279,0.4572118565389138,0.2886768753118807,0.4905549153756105,0.4905549153756105,har_forecast,0.3981505041472279,raw
2024-07-17,0.0465647291816858,0.4630243123412913,0.4194351014101024,0.2873781906767005,0.4182613053555649,0.4182613053555649,har_forecast,0.4630243123412913,raw
2024-07-18,0.6520634827768772,0.4429594535207305,0.5060424628296734,0.2864221002422769,0.6446143311811784,0.6446143311811784,har_forecast,0.4429594535207305,raw
2024-07-19,0.7966259678668596,0.4910357907770269,0.4018698211108256,0.258037459361656,0.7807683947806779,0.7807683947806779,har_forecast,0.4910357907770269,raw
2024-07-22,0.3271362859670702,0.4637296250161408,0.3902852864407141,0.2917139856935027,0.3762243453486274,0.3762243453486274,har_forecast,0.4637296250161408,raw
2024-07-23,2.089766943786448,0.4563628781066928,0.4570371548675886,0.2984608233165922,0.5305709676989202,0.5305709676989202,har_forecast,0.4563628781066928,raw
2024-07-24,0.3100470620235938,0.6375968068810767,0.1782663208567545,0.2962907623707099,0.3803638140370446,0.3803638140370446,har_forecast,0.6375968068810767,raw
2024-07-25,0.0324666857639222,0.6716008629099112,0.5358993045913103,0.3532507651743285,1.0853136456103485,1.0853136456103485,har_forecast,0.6716008629099112,raw
2024-07-26,0.8643714572964278,0.5970258417640086,0.5452193699682031,0.3129477483395795,0.5256556164736562,0.5256556164736562,har_forecast,0.5970258417640086,raw
2024-07-29,0.6619999882043581,0.4131090873834353,0.3483846154930753,0.2973802610159217,0.1839314575618074,0.1839314575618074,har_forecast,0.4131090873834353,raw
2024-07-30,0.659948085475543,0.6252190647392724,0.4354061480740828,0.3442183896709005,0.485981847033669,0.485981847033669,har_forecast,0.6252190647392724,raw
2024-07-31,1.076086772761831,0.4800538578766756,0.4098830275111963,0.3430948678856922,0.2919056656014873,0.2919056656014873,har_forecast,0.4800538578766756,raw
2024-08-01,0.6873934046132938,0.5892317906416817,0.3462889555916237,0.337532595962085,0.2891241607646571,0.2891241607646571,har_forecast,0.5892317906416817,raw
2024-08-02,0.6865505619531116,0.6143221906505364,0.4297301192738956,0.3483576707493387,0.780204713500195,0.780204713500195,har_forecast,0.6143221906505364,raw
2024-08-05,0.1398639721627845,0.5818182242524259,0.4192371612540612,0.3321811451752159,0.6392656471447712,0.6392656471447712,har_forecast,0.5818182242524259,raw
2024-08-06,0.7186023473905057,0.464674815853897,0.4921686326879012,0.3195297539769255,0.5384283448425874,0.5384283448425874,har_forecast,0.464674815853897,raw
2024-08-07,0.5755445908503813,0.5583801711280328,0.4040261473782573,0.304102665762616,0.4995740094815615,0.4995740094815615,har_forecast,0.5583801711280328,raw
2024-08-08,0.0923404841617056,0.5273432696865062,0.4392283922133945,0.3293329650148992,0.4557627167646467,0.4557627167646467,har_forecast,0.5273432696865062,raw
2024-08-09,0.2004853284441327,0.4712054786832192,0.5011265272035336,0.3131086889127819,0.4459825443724849,0.4459825443724849,har_forecast,0.4712054786832192,raw
2024-08-12,0.8101153254786289,0.5038161737795199,0.4847213611811998,0.2900014486013653,0.2434192818856495,0.2434192818856495,har_forecast,0.5038161737795199,raw
2024-08-13,0.5004716711509325,0.4353420248687877,0.3703800313017832,0.2930765226235344,0.5597493472717258,0.5597493472717258,har_forecast,0.4353420248687877,raw
2024-08-14,0.9752711728144412,0.5588226283455349,0.4514471577460948,0.3166745750502798,0.3446337290165499,0.3446337290165499,har_forecast,0.5588226283455349,raw
2024-08-15,0.1461055177431955,0.4820774448428827,0.3573398234958048,0.3129345549285175,0.4634578154238002,0.4634578154238002,har_forecast,0.4820774448428827,raw
2024-08-16,0.4775305362110721,0.5305844279539358,0.5129356806928934,0.321063015804891,0.7191335205634064,0.7191335205634064,har_forecast,0.5305844279539358,raw
2024-08-19,0.1158881484313978,0.513946059395586,0.4486228018281114,0.2995288743997427,0.293229411104818,0.293229411104818,har_forecast,0.513946059395586,raw
2024-08-20,0.1550416365825296,0.4951116599489211,0.5003488056837087,0.310519071454216,0.3773396198928072,0.3773396198928072,har_forecast,0.4951116599489211,raw
2024-08-21,0.9228858462429906,0.4739844034376754,0.4892837821419629,0.2878232773766129,0.6235372769494258,0.6235372769494258,har_forecast,0.4739844034376754,raw
2024-08-22,0.7117429488737528,0.5184105370348076,0.3542941380870965,0.2955255640740776,0.3059571283881552,0.3059571283881552,har_forecast,0.5184105370348076,raw
2024-08-23,0.5207384858108952,0.5338482819261304,0.4214328994249497,0.3226863869180968,0.4453705161941921,0.4453705161941921,har_forecast,0.5338482819261304,raw
2024-08-26,0.3006482999606694,0.4963899596179496,0.4295547666753569,0.2931917560264556,0.6757153529974291,0.6757153529974291,har_forecast,0.4963899596179496,raw
2024-08-27,0.2647347979103547,0.4838582927890999,0.4653674603305632,0.2880603010764054,0.352989500750024,0.352989500750024,har_forecast,0.4838582927890999,raw
2024-08-28,0.0408391352879808,0.4792645450357729,0.4686592265355774,0.2814802662249984,0.3480566685836678,0.3480566685836678,har_forecast,0.4792645450357729,raw
2024-08-29,0.5914117949772922,0.4235251457633303,0.4970621606934583,0.2663233470099014,0.2086343819704764,0.2086343819704764,har_forecast,0.4235251457633303,raw
2024-08-30,0.2623941190350438,0.4211537368456103,0.4051763268893728,0.2485315927026255,0.3370837393062186,0.3370837393062186,har_forecast,0.4211537368456103,raw
2024-09-03,0.6505613610220048,0.4916235163359315,0.4791122625222179,0.2742846708256551,0.7547724778134245,0.7547724778134245,har_forecast,0.4916235163359315,raw
2024-09-04,0.7600081931716615,0.4135566669039939,0.3971068574151444,0.2567166107706406,0.3396096730413249,0.3396096730413249,har_forecast,0.4135566669039939,raw
2024-09-05,1.400774280343648,0.4448991728741582,0.3907295129847122,0.270787344634179,0.3339054519249901,0.3339054519249901,har_forecast,0.4448991728741582,raw
2024-09-06,0.4119430648917124,0.5451438590266118,0.2832387971149228,0.2798042957118999,0.2589776160713614,0.2589776160713614,har_forecast,0.5451438590266118,raw
2024-09-09,0.7105314465080588,0.5211075530030163,0.473748114926433,0.3066967379961298,0.7120164949245708,0.7120164949245708,har_forecast,0.5211075530030163,raw
2024-09-10,0.1369770408937071,0.5049190775539423,0.4130882511924456,0.2896930586637471,0.4191258719862484,0.4191258719862484,har_forecast,0.5049190775539423,raw
2024-09-11,0.1164745444732721,0.443707095496447,0.4911100541076326,0.2912181889314767,0.7011352170687807,0.7011352170687807,har_forecast,0.443707095496447,raw
2024-09-12,0.0331219250970773,0.4637540796817783,0.4965233619052757,0.2690336762942125,0.3475180436140558,0.3475180436140558,har_forecast,0.4637540796817783,raw
2024-09-13,0.2438161844589818,0.392057639506373,0.4891558852350856,0.2600124033538359,0.2841786920532651,0.2841786920532651,har_forecast,0.392057639506373,raw
2024-09-16,0.0761165240242834,0.4231219950043725,0.4580449751894791,0.2406355551451965,0.3804637773119237,0.3804637773119237,har_forecast,0.4231219950043725,raw
2024-09-17,0.0467440133334979,0.4093284805971605,0.4908915053521329,0.255365842527019,0.3573726212371186,0.3573726212371186,har_forecast,0.4093284805971605,raw
2024-09-18,1.1272427991905756,0.3825706256538884,0.4873070481706617,0.221961604349545,0.5995249741381816,0.5995249741381816,har_forecast,0.3825706256538884,raw
2024-09-19,0.3733644982817729,0.3749514496101149,0.304053113128531,0.2277762760484485,0.1993471320257225,0.1993471320257225,har_forecast,0.3749514496101149,raw
2024-09-20,0.7642047668341534,0.534867751231309,0.4785607500565,0.2876069607189803,0.5044776128071127,0.5044776128071127,har_forecast,0.534867751231309,raw
2024-09-23,0.2688473872829804,0.4457336810066377,0.3891767972339246,0.2788419300552756,0.3971973132973319,0.3971973132973319,har_forecast,0.4457336810066377,raw
2024-09-24,0.1707644426527862,0.4466601269635167,0.4727980378856171,0.2900494104021749,0.9935892857352228,0.9935892857352228,har_forecast,0.4466601269635167,raw
2024-09-25,0.1738865250239504,0.4338476187130216,0.4830845131311121,0.2684854370406481,0.3540527661634897,0.3540527661634897,har_forecast,0.4338476187130216,raw
2024-09-26,0.3849445457850021,0.3908089085583758,0.4651921995578533,0.2591125706911719,0.537813867167725,0.537813867167725,har_forecast,0.3908089085583758,raw
2024-09-27,0.0711502560309202,0.3731464976336471,0.4300756075903916,0.2545052099050077,0.3530175759731736,0.3530175759731736,har_forecast,0.3731464976336471,raw
2024-09-30,0.2205644103289022,0.3989136342777319,0.4917326762572699,0.2569762513208313,0.7061520224930837,0.7061520224930837,har_forecast,0.3989136342777319,raw
2024-10-01,0.5636057815739288,0.4104535012368553,0.4629829413960856,0.2352825983481286,0.1834328892983461,0.1834328892983461,har_forecast,0.4104535012368553,raw
2024-10-02,0.5420837654269173,0.437343699807569,0.4060846384527928,0.2512712345709021,0.5308406893680631,0.5308406893680631,har_forecast,0.437343699807569,raw
2024-10-03,0.6095129967489721,0.4643105656005977,0.4212109407772809,0.2667579837078437,0.4683714039093127,0.4683714039093127,har_forecast,0.4643105656005977,raw
2024-10-04,0.5983034706880369,0.3886072726068043,0.3993035480954752,0.2717157873276735,0.3776594192859745,0.3776594192859745,har_forecast,0.3886072726068043,raw
2024-10-07,0.2400862303142638,0.4672961351485014,0.4101623460327113,0.2743207251606213,0.5512647914556386,0.5512647914556386,har_forecast,0.4672961351485014,raw
2024-10-08,0.2255912883539144,0.3989064257653256,0.4644735317437689,0.2699289109749889,0.3023154190993077,0.3023154190993077,har_forecast,0.3989064257653256,raw
2024-10-09,0.150865451296135,0.4086436613305692,0.4646662740052014,0.2387202417760835,0.378473596203533,0.378473596203533,har_forecast,0.4086436613305692,raw
2024-10-10,1.4592409408803604,0.3585019034601907,0.4637918072101225,0.2337029321562158,0.2988156990168745,0.2988156990168745,har_forecast,0.3585019034601907,raw
2024-10-11,0.098816412343787,0.4818580208590693,0.2553289539443984,0.2304415346688068,0.2172261107113603,0.2172261107113603,har_forecast,0.4818580208590693,raw
2024-10-14,0.0296702212802925,0.5107608220478017,0.5314035563129794,0.27735433903493,0.5670882290515338,0.5670882290515338,har_forecast,0.5107608220478017,raw
2024-10-15,0.1267371034902733,0.452124154078373,0.515668140567745,0.2400166756475463,0.4311580053801059,0.4311580053801059,har_forecast,0.452124154078373,raw
2024-10-16,0.0315898172992419,0.3087591654993219,0.4539984070973197,0.2328631246833755,0.4186808563584319,0.4186808563584319,har_forecast,0.3087591654993219,raw
2024-10-17,0.0136606148775134,0.3770111141874723,0.4888375067117259,0.2422913197070605,0.3127947707989469,0.3127947707989469,har_forecast,0.3770111141874723,raw
2024-10-18,0.1336269704202909,0.3645120967239091,0.4893148500213491,0.2244067104883712,0.4132001664395409,0.4132001664395409,har_forecast,0.3645120967239091,raw
2024-10-21,0.063960730273629,0.3610254768108893,0.4652310994308739,0.2002302065928764,0.5425448227337145,0.5425448227337145,har_forecast,0.3610254768108893,raw
2024-10-22,0.3177808309732232,0.3505963138358477,0.4789121146396246,0.2088650467955694,0.7995606073517662,0.7995606073517662,har_forecast,0.3505963138358477,raw
2024-10-23,3.146120955093619,0.3639433871724595,0.4342975078676428,0.2066563035908812,0.432301926571485,0.432301926571485,har_forecast,0.3639433871724595,raw
2024-10-24,0.5221337412097402,0.5618055928867984,0.0,0.2317977105517335,1.088442009135179,1.088442009135179,har_forecast,0.5618055928867984,raw
2024-10-25,0.3988985277214351,0.7809435753009032,0.5294132841117032,0.3708464078624771,0.7797358629246652,0.7797358629246652,har_forecast,0.7809435753009032,raw
2024-10-28,0.1818501891483317,0.7055947192461217,0.4963757527765343,0.3422563513113514,1.1879284449271446,1.1879284449271446,har_forecast,0.7055947192461217,raw
2024-10-29,0.1209621621566986,0.4208475892107791,0.4465037561152843,0.3345570172903873,0.6617188333573812,0.6617188333573812,har_forecast,0.4208475892107791,raw
2024-10-30,0.481839991270956,0.5215585910287839,0.4848496227863517,0.3202258921317991,0.6533685070380005,0.6533685070380005,har_forecast,0.5215585910287839,raw
2024-10-31,0.055373576210129,0.4471714284655639,0.4210595494299489,0.321767431059344,0.5616798518838674,0.5616798518838674,har_forecast,0.4471714284655639,raw
2024-11-01,0.3963829628708943,0.4389489185689846,0.5033788304134262,0.3085533733391229,0.5951207566893247,0.5951207566893247,har_forecast,0.4389489185689846,raw
2024-11-04,0.5524587018462703,0.448766312043636,0.4393353104405322,0.2843809911274453,0.6366357191420733,0.6366357191420733,har_forecast,0.448766312043636,raw
2024-11-05,2.184247516469905,0.4129816971416514,0.4155693917631289,0.3115730431129186,0.5013298257941434,0.5013298257941434,har_forecast,0.4129816971416514,raw
2024-11-06,0.4544873580808182,0.4733608511780506,0.1449883397706083,0.3273658781150887,0.5615844944706293,0.5615844944706293,har_forecast,0.4733608511780506,raw
2024-11-07,1.2492789319210555,0.6264229448122257,0.5020213170444957,0.3813305005694169,0.6571647346963371,0.6571647346963371,har_forecast,0.6264229448122257,raw
2024-11-08,1.3621423733082605,0.5853150087962243,0.34110969982724,0.3621405108006582,0.6400132059987371,0.6400132059987371,har_forecast,0.5853150087962243,raw
2024-11-11,1.0068690474472346,0.5605673951098639,0.3144220872129312,0.3889720961848813,0.1634628019529678,0.1634628019529678,har_forecast,0.5605673951098639,raw
2024-11-12,0.0843454979887456,0.6278969104379568,0.3692608343095505,0.3987292430058307,1.0611582668867685,1.0611582668867685,har_forecast,0.6278969104379568,raw
2024-11-13,0.943709869744796,0.5372469125149097,0.5238169956528496,0.3736151583869606,0.6181147002973767,0.6181147002973767,har_forecast,0.5372469125149097,raw
2024-11-14,0.4793620821037,0.6025115888343551,0.37368418998224,0.3417114388928116,0.421553175175377,0.421553175175377,har_forecast,0.6025115888343551,raw
2024-11-15,0.8677696619172597,0.5712401632232486,0.4681630690652034,0.3814929661294616,0.2607664797429055,0.2607664797429055,har_forecast,0.5712401632232486,raw
2024-11-18,0.3366340585692461,0.5223029703778371,0.3839113931711737,0.371813077636095,1.0710134507110325,1.0710134507110325,har_forecast,0.5223029703778371,raw
2024-11-19,0.1831969976611867,0.5508989039647038,0.4825805342747501,0.3755695321530899,0.6846421461123438,0.6846421461123438,har_forecast,0.5508989039647038,raw
2024-11-20,0.1113147904370072,0.563128637389076,0.5024267667729728,0.3532593340456905,0.7247830921503557,0.7247830921503557,har_forecast,0.563128637389076,raw
2024-11-21,0.5926674068261821,0.5027360777685423,0.4966126548995046,0.3410848582986042,0.5730955755164691,0.5730955755164691,har_forecast,0.5027360777685423,raw
2024-11-22,0.641820458085855,0.4987147293760126,0.4173158312650721,0.3379368846040951,0.5364151869109615,0.5364151869109615,har_forecast,0.4987147293760126,raw
2024-11-25,0.0168865895576277,0.61879306809116,0.4331975533846269,0.3665966780444942,0.5007583416721709,0.5007583416721709,har_forecast,0.61879306809116,raw
2024-11-26,0.2526272489743633,0.4607070290157273,0.5106479655813555,0.3035491130506762,0.4975542415194847,0.4975542415194847,har_forecast,0.4607070290157273,raw
2024-11-27,0.5745927210398485,0.5048328427715691,0.4763693172693047,0.2676671866922002,0.2028864942251908,0.2028864942251908,har_forecast,0.5048328427715691,raw
2024-11-29,0.5394118458585683,0.4498996142083138,0.4143263839870892,0.3061025260472118,0.3453167277734336,0.3453167277734336,har_forecast,0.4498996142083138,raw
2024-12-02,0.2540828177637618,0.4847797070865191,0.4321052936567705,0.3215968018155009,0.291932341884879,0.291932341884879,har_forecast,0.4847797070865191,raw
2024-12-03,0.2913811725312125,0.4933327046947631,0.4734187841743053,0.3177257015530886,0.3211754338960164,0.3211754338960164,har_forecast,0.4933327046947631,raw
2024-12-04,0.5045908200797207,0.4746629904158975,0.4675864099665317,0.3039585819797407,0.2786878343526349,0.2786878343526349,har_forecast,0.4746629904158975,raw
2024-12-05,0.8258091960214966,0.4591762341185087,0.4265326518151926,0.3099540497993079,0.2499933670859873,0.2499933670859873,har_forecast,0.4591762341185087,raw
2024-12-06,0.0232309912674667,0.4968006858367205,0.3850670631800963,0.3225730419082947,0.3501984858345955,0.3501984858345955,har_forecast,0.4968006858367205,raw
2024-12-09,0.449697987895285,0.5105087625395404,0.5253319921775973,0.3150407344693714,0.59074428512867,0.59074428512867,har_forecast,0.5105087625395404,raw
2024-12-10,0.9145519099636896,0.4750287868333944,0.4444572903913456,0.2547292710558978,0.378024110870218,0.378024110870218,har_forecast,0.4750287868333944,raw
2024-12-11,0.2512484892676576,0.4622953278154236,0.3643904228266371,0.2952397923790328,0.6468104446657352,0.6468104446657352,har_forecast,0.4622953278154236,raw
2024-12-12,0.6738569751730612,0.4977505709634792,0.4837982949347034,0.2964060920020693,0.9372731247972288,0.9372731247972288,har_forecast,0.4977505709634792,raw
2024-12-13,0.9461297743242773,0.4536486997732809,0.40486774783511,0.2685754850881035,0.2293849000413115,0.2293849000413115,har_forecast,0.4536486997732809,raw
2024-12-16,0.5671031128087023,0.4455481113664826,0.3594672721304328,0.2756966649469711,0.329250159971886,0.329250159971886,har_forecast,0.4455481113664826,raw
2024-12-17,1.3719418848659497,0.4543193840396338,0.4257405193870256,0.2897431460488758,0.7609558379473451,0.7609558379473451,har_forecast,0.4543193840396338,raw
2024-12-18,0.1434744770279369,0.580395749385678,0.2969219849463148,0.2822158956936314,0.7724702226838165,0.7724702226838165,har_forecast,0.580395749385678,raw
2024-12-19,0.5596838862465919,0.5525590665285295,0.5236936111823368,0.300632244864062,0.906379797998112,0.906379797998112,har_forecast,0.5525590665285295,raw
2024-12-20,0.3556566581323428,0.5547899337436725,0.4390342721005676,0.2719088127665208,0.5528604725006186,0.5528604725006186,har_forecast,0.5547899337436725,raw
2024-12-23,1.1269498288563229,0.4327376620574391,0.451948454073104,0.2882785012549408,0.819771968108095,0.819771968108095,har_forecast,0.4327376620574391,raw
2024-12-24,0.2823639043292146,0.4494456321572086,0.3231476063200201,0.2868749161595413,0.4304869296788671,0.4304869296788671,har_forecast,0.4494456321572086,raw
2024-12-26,0.8055560544921027,0.5622555844934544,0.4974071621279808,0.3081207012080584,0.5987323237858914,0.5987323237858914,har_forecast,0.5622555844934544,raw
2024-12-27,0.5328959399321377,0.5677743723379236,0.3950712573933426,0.2873629656964092,0.3649379178731352,0.3649379178731352,har_forecast,0.5677743723379236,raw
2024-12-30,0.5246558205224212,0.5406791802871316,0.4408714314692735,0.3033350685560281,0.4721257231779577,0.4721257231779577,har_forecast,0.5406791802871316,raw
