date,actual_volatility,har_forecast,har_sentiment_forecast,har_log_forecast,xgb_forecast,xgb_sentiment_forecast,har_sentiment_trained,xgb_sentiment_trained
2023-12-14,0.15416827381514395,0.3253138762875507,0.3253138762875507,0.20721512791922925,0.120634496,0.120634496,False,True
2023-12-15,0.08917216383399425,0.38901914086054057,0.38901914086054057,0.22729652578129467,0.11278399,0.11278399,False,True
2023-12-18,0.32043090786048184,0.3573237185529611,0.3573237185529611,0.19524900195851388,0.014276118,0.014276118,False,True
2023-12-19,0.6346116986979565,0.28063506278546385,0.28063506278546385,0.19183400402662842,0.5025113,0.5025113,False,True
2023-12-20,0.46585109786457335,0.3876701850448051,0.3876701850448051,0.19984052473981406,0.43973157,0.43973157,False,True
2023-12-21,0.1227291629372193,0.3475956357921977,0.3475956357921977,0.21628916087511713,0.32088804,0.32088804,False,True
2023-12-22,0.2537975055690302,0.351508096067787,0.351508096067787,0.21053244632753032,0.3044439,0.3044439,False,True
2023-12-26,0.2960191791952689,0.32899032737176387,0.32899032737176387,0.19842117765400258,0.3551931,0.3551931,False,True
2023-12-27,0.5096376091841207,0.31617557137607066,0.31617557137607066,0.2028605352195018,0.22175725,0.22175725,False,True
2023-12-28,0.2974617205358408,0.37146295952691705,0.37146295952691705,0.20766850504384501,0.22119792,0.22119792,False,True
2023-12-29,0.0038334945952427594,0.3820459139273486,0.3820459139273486,0.21479867468520844,0.2672071,0.2672071,False,True
2024-01-02,0.6502392535447451,0.33402275031896933,0.33402275031896933,0.18658557087188746,0.35528904,0.35528904,False,True
2024-01-03,0.03465643130344807,0.3821062361532446,0.3821062361532446,0.16670938729811147,0.39659294,0.39659294,False,True
2024-01-04,0.029382785800158323,0.3881755925333231,0.3881755925333231,0.20963971175783172,0.18782891,0.18782891,False,True
2024-01-05,0.19663141053477082,0.3523663138409543,0.3523663138409543,0.18273644512900797,0.12633428,0.12633428,False,True
2024-01-08,0.36665096139401093,0.2793659259205242,0.2793659259205242,0.18446689051489587,0.21688415,0.21688415,False,True
2024-01-09,0.06906415470703504,0.3626930533908216,0.3626930533908216,0.2023126363705636,0.345648,0.345648,False,True
2024-01-10,0.4626778688343038,0.34066322806350074,0.34066322806350074,0.20610600532034276,0.2713119,0.2713119,False,True
2024-01-11,0.5929033246971479,0.3784015610111527,0.3784015610111527,0.19059617705192533,0.31432477,0.31432477,False,True
2024-01-12,0.07380170874532645,0.42288097039397377,0.42288097039397377,0.21654702682425211,0.326419,0.326419,False,True
2024-01-16,0.31789452937102813,0.3428085873476976,0.3428085873476976,0.2198049227470114,0.101522185,0.101522185,False,True
2024-01-17,0.2726099968007942,0.3932836638581764,0.3932836638581764,0.20450509329407685,0.33494186,0.33494186,False,True
2024-01-18,0.023208713061611055,0.37376534195817257,0.37376534195817257,0.2187550351063377,0.57926685,0.57926685,False,True
2024-01-19,0.25566276855637526,0.32343300682959514,0.32343300682959514,0.20070667686652502,0.26651418,0.26651418,False,True
2024-01-22,0.025827993010869934,0.355038668628824,0.355038668628824,0.18507286410165485,0.37734073,0.37734073,False,True
2024-01-23,0.09974643215588881,0.3387089349860003,0.3387089349860003,0.19530889089552117,0.5119317,0.5119317,False,True
2024-01-24,2.0519098634669675,0.3342842408805334,0.3342842408805334,0.17857516542089882,0.639194,0.639194,False,True
2024-01-25,0.05379975212595269,0.48534601503384395,0.48534601503384395,0.18965553156238202,0.5212631,0.5212631,False,True
2024-01-26,0.6517356925795829,0.5557862002796055,0.5557862002796055,0.2839109395288427,0.648415,0.648415,False,True
2024-01-29,0.05478011096923735,0.47849190029565536,0.47849190029565536,0.2513643119287965,0.26946184,0.26946184,False,True
2024-01-30,0.3603429325283019,0.37036908451596817,0.37036908451596817,0.2738005317097334,0.443056,0.443056,False,True
2024-01-31,0.13251755286797579,0.4328351633125378,0.4328351633125378,0.25215172394875757,0.25258607,0.25258607,False,True
2024-02-01,0.08005290132448155,0.3618281584588414,0.3618281584588414,0.26870444935651616,0.30679226,0.30679226,False,True
2024-02-02,0.5894949241770278,0.3518060553377206,0.3518060553377206,0.2403720142666902,0.3032558,0.3032558,False,True
2024-02-05,0.35031543279042343,0.38516692103283406,0.38516692103283406,0.24308593964055514,0.32171988,0.32171988,False,True
2024-02-06,0.21127665543830854,0.383815908039438,0.383815908039438,0.2617932678401424,0.14800122,0.14800122,False,True
2024-02-07,0.16668476739420157,0.3534718198000915,0.3534718198000915,0.2561862677991623,0.3230158,0.3230158,False,True
2024-02-08,0.33231151502102985,0.3445412248287419,0.3445412248287419,0.24889478722094097,0.30490065,0.30490065,False,True
2024-02-09,0.4525187659660953,0.3406137518640628,0.3406137518640628,0.2491501767174639,0.22349891,0.22349891,False,True
2024-02-12,0.35064833099334614,0.4084972462446126,0.4084972462446126,0.25925384978273325,0.27647787,0.27647787,False,True
2024-02-13,0.39951390055379915,0.40065590214099106,0.40065590214099106,0.26193151675161613,0.3171576,0.3171576,False,True
2024-02-14,0.9580796205225549,0.36249632129992193,0.36249632129992193,0.2586820783413522,0.23720852,0.23720852,False,True
2024-02-15,0.03964664425534692,0.3665229813172347,0.3665229813172347,0.26359303650196025,0.3096255,0.3096255,False,True
2024-02-16,0.4992067374812406,0.43656909355648016,0.43656909355648016,0.2745687794240782,0.36002895,0.36002895,False,True
2024-02-20,0.08253387968313021,0.46623929966940025,0.46623929966940025,0.24709183061139,0.23775187,0.23775187,False,True
2024-02-21,0.21372493890910685,0.39008107216482196,0.39008107216482196,0.2703073612526086,0.26785925,0.26785925,False,True
2024-02-22,0.4435922735421646,0.3841030416653953,0.3841030416653953,0.2528738008620175,0.28797555,0.28797555,False,True
2024-02-23,0.6028139698585355,0.4068226314468525,0.4068226314468525,0.2663284556600568,0.5723515,0.5723515,False,True
2024-02-26,0.02625018411493738,0.39201319533503687,0.39201319533503687,0.27184869725680155,0.20335178,0.20335178,False,True
2024-02-27,0.18254463746840863,0.3987945822224158,0.3987945822224158,0.2681830126442271,0.40026423,0.40026423,False,True
2024-02-28,0.012575447174536706,0.36994422610413824,0.36994422610413824,0.19904411764554908,0.46620357,0.46620357,False,True
2024-02-29,0.059648733534165804,0.3363150456427816,0.3363150456427816,0.20824402464082356,0.86355436,0.86355436,False,True
2024-03-01,1.1785971119026972,0.33227753770565216,0.33227753770565216,0.18375865148666123,0.34485856,0.34485856,False,True
2024-03-04,0.636993177381264,0.43317424245863934,0.43317424245863934,0.20498253181188372,0.18173274,0.18173274,False,True
2024-03-05,0.373243386355023,0.5212799515402804,0.5212799515402804,0.25923519099598163,0.20156677,0.20156677,False,True
2024-03-06,0.18860675420161943,0.4316614684474015,0.4316614684474015,0.2565639665001378,0.40167174,0.40167174,False,True
2024-03-07,0.29687909365431525,0.36965687784449486,0.36965687784449486,0.24959418453981383,0.4709863,0.4709863,False,True
2024-03-08,0.2184916256913493,0.3931264477821775,0.3931264477821775,0.2403744220870109,0.4961105,0.4961105,False,True
2024-03-11,0.0205528228699275,0.36688617263958867,0.36688617263958867,0.24389706480364393,0.5695465,0.5695465,False,True
2024-03-12,0.7375454667216624,0.360848875665757,0.360848875665757,0.22494246266911844,0.6703394,0.6703394,False,True
2024-03-13,0.6676325705083734,0.4248556471011154,0.4248556471011154,0.20988149913682672,0.45154735,0.45154735,False,True
2024-03-14,0.10418560600146858,0.49560410856480774,0.49560410856480774,0.2567694734434351,0.22889256,0.22889256,False,True
2024-03-15,0.9630135635704109,0.36034317593786247,0.36034317593786247,0.2535317114290506,0.3644637,0.3644637,False,True
2024-03-18,0.22814898094043926,0.3972783319761688,0.3972783319761688,0.24047841142468324,0.4159441,0.4159441,False,True
2024-03-19,0.39713468790310197,0.4873399923746581,0.4873399923746581,0.2721866981895612,0.5778524,0.5778524,False,True
2024-03-20,0.2587496609886049,0.4039359446491008,0.4039359446491008,0.2484326023437513,0.15014221,0.15014221,False,True
2024-03-21,0.18385398009688667,0.3892407387586624,0.3892407387586624,0.25320384061576906,0.56961805,0.56961805,False,True
2024-03-22,0.16639156615389383,0.3892611849256774,0.3892611849256774,0.24319256252097665,0.50052494,0.50052494,False,True
2024-03-25,0.45682519946070954,0.3593468513360284,0.3593468513360284,0.2395167008854141,0.19946973,0.19946973,False,True
2024-03-26,0.1918288804419281,0.35447759906656934,0.35447759906656934,0.23416898546314246,0.25546306,0.25546306,False,True
2024-03-27,0.36069910315783993,0.38637962812543003,0.38637962812543003,0.24403828305266936,0.24839914,0.24839914,False,True
2024-03-28,0.051556090261482,0.4020189129104831,0.4020189129104831,0.23184500043563386,0.30143976,0.30143976,False,True
2024-04-01,0.7979562568542059,0.37531538149374777,0.37531538149374777,0.23327391194688993,0.24379912,0.24379912,False,True
2024-04-02,0.1658496202765071,0.4465550729813811,0.4465550729813811,0.22307470190222384,0.3610137,0.3610137,False,True
2024-04-03,0.2553139834740075,0.4453525602939733,0.4453525602939733,0.25902223395543134,0.28764814,0.28764814,False,True
2024-04-04,0.5868398465779554,0.40485973286037985,0.40485973286037985,0.24216699117739052,0.34356079,0.34356079,False,True
2024-04-05,0.7593850805007254,0.39923406332115197,0.39923406332115197,0.23493126081790333,0.29765767,0.29765767,False,True
2024-04-08,0.3539318041884139,0.3945078090406385,0.3945078090406385,0.24548642597913406,0.21225318,0.21225318,False,True
2024-04-09,0.4662889450691984,0.3876525941770476,0.3876525941770476,0.2539045103300829,0.010513963,0.010513963,False,True
2024-04-10,0.2603348930099444,0.4480220491172583,0.4480220491172583,0.2452280754894591,0.64788204,0.64788204,False,True
2024-04-11,0.32609015764082544,0.3774972037446258,0.3774972037446258,0.24845899180057318,0.541704,0.541704,False,True
2024-04-12,0.9139693889208171,0.42213505224747316,0.42213505224747316,0.2432232540295142,0.9359882,0.9359882,False,True
2024-04-15,0.43551821361083076,0.4697652010054245,0.4697652010054245,0.24994314215437038,0.29868716,0.29868716,False,True
2024-04-16,0.16862035556103164,0.4901489059968403,0.4901489059968403,0.26350952385686643,0.47626868,0.47626868,False,True
2024-04-17,0.5739531061623384,0.43025636250421806,0.43025636250421806,0.24824489163797692,0.48937494,0.48937494,False,True
2024-04-18,0.3078985241379469,0.43197935935271864,0.43197935935271864,0.2421310003921096,0.45931163,0.45931163,False,True
2024-04-19,0.5491556763612548,0.4456534633791567,0.4456534633791567,0.24686565162413243,0.47172225,0.47172225,False,True
2024-04-22,0.2912214451857642,0.44418907068998925,0.44418907068998925,0.24291820854800933,0.453807,0.453807,False,True
2024-04-23,1.8076961886657439,0.401490099171145,0.401490099171145,0.24561516191126456,0.5982866,0.5982866,False,True
2024-04-24,0.7692491993055098,0.43946393054047367,0.43946393054047367,0.24560486942801538,0.30790803,0.30790803,False,True
2024-04-25,0.17728675074785732,0.5915916271648082,0.5915916271648082,0.3104259343989452,0.36441118,0.36441118,False,True
2024-04-26,2.2609622101875715,0.5246874564321884,0.5246874564321884,0.29678870295141874,1.010575,1.010575,False,True
2024-04-29,0.9064477664056502,0.5078650169195911,0.5078650169195911,0.28845014933336394,1.1315143,1.1315143,False,True
2024-04-30,0.28754618702724416,0.8121785422591212,0.8121785422591212,0.36321550751770615,0.95865196,0.95865196,False,True
2024-05-01,0.001762865306120516,0.6225514726197335,0.6225514726197335,0.34677770271607,0.62896776,0.62896776,False,True
2024-05-02,0.10372155060321543,0.48803817200560556,0.48803817200560556,0.29978127357238243,0.4313146,0.4313146,False,True
2024-05-03,0.30973447456699854,0.46558755899550136,0.46558755899550136,0.2521180939543099,0.5292585,0.5292585,False,True
2024-05-06,0.6086620489225315,0.4498803611964422,0.4498803611964422,0.30805368824430757,0.35706326,0.35706326,False,True
2024-05-07,0.2782936351879029,0.5221348700144798,0.5221348700144798,0.3123327948454191,0.2282951,0.2282951,False,True
2024-05-08,0.25184350247099296,0.503567599636895,0.503567599636895,0.3129703751814149,0.2572656,0.2572656,False,True
2024-05-09,0.3264171939782881,0.48654663045139895,0.48654663045139895,0.29898152795699673,0.35588026,0.35588026,False,True
2024-05-10,0.31903052663074316,0.45889257653338006,0.45889257653338006,0.29946305286192526,0.42254537,0.42254537,False,True
2024-05-13,0.5142950478400149,0.44428606724506414,0.44428606724506414,0.30338847475184294,0.38081825,0.38081825,False,True
2024-05-14,0.321528929091943,0.43936008787344644,0.43936008787344644,0.3057623691732383,0.6124293,0.6124293,False,True
2024-05-15,0.07736268661141671,0.4971675295356427,0.4971675295356427,0.3095070846111921,0.32392418,0.32392418,False,True
2024-05-16,0.23611775052201892,0.4431026776442397,0.4431026776442397,0.29228759680776883,0.7169332,0.7169332,False,True
2024-05-17,0.2261334419630904,0.4223421674069047,0.4223421674069047,0.27772458619242063,0.36155432,0.36155432,False,True
2024-05-20,1.023383799630171,0.4527613818851363,0.4527613818851363,0.2911943070849324,0.27460128,0.27460128,False,True
2024-05-21,0.5619503140507347,0.42010067406026713,0.42010067406026713,0.29567712298178905,0.38820222,0.38820222,False,True
2024-05-22,0.5716063946771801,0.5711394222066352,0.5711394222066352,0.3271090682719608,0.51935124,0.51935124,False,True
2024-05-23,0.4947411041232601,0.5226630718027535,0.5226630718027535,0.31992537519880865,0.48698008,0.48698008,False,True
2024-05-24,0.22207509097652076,0.43696451976579304,0.43696451976579304,0.3224554859264567,0.31294194,0.31294194,False,True
2024-05-28,0.05037509518625302,0.45685374960400116,0.45685374960400116,0.2980828667033963,0.32410464,0.32410464,False,True
2024-05-29,0.23254444582370226,0.42465362112710314,0.42465362112710314,0.2769075733077892,0.4121482,0.4121482,False,True
2024-05-30,0.06316462556787067,0.39112402845931726,0.39112402845931726,0.2604559800199103,0.45484895,0.45484895,False,True
2024-05-31,0.16037332052253261,0.37677725860528466,0.37677725860528466,0.22595943742806743,0.530356,0.530356,False,True
2024-06-03,0.13746498320372777,0.36050145005329615,0.36050145005329615,0.202642578420663,0.21214952,0.21214952,False,True
2024-06-04,0.020876973254900517,0.3519928558237513,0.3519928558237513,0.2046749847272577,0.4860687,0.4860687,False,True
2024-06-05,0.26447651781955717,0.3328994802123399,0.3328994802123399,0.19589646827874596,1.0033989,1.0033989,False,True
2024-06-06,0.04109157792438572,0.3346882157381984,0.3346882157381984,0.1876238005101566,0.4233736,0.4233736,False,True
2024-06-07,0.33352765342113155,0.35826199435860956,0.35826199435860956,0.20417623117421344,0.8101509,0.8101509,False,True
2024-06-10,0.288508712465903,0.36577785626201403,0.36577785626201403,0.18931229962721377,0.13036485,0.13036485,False,True
2024-06-11,0.6050326979753247,0.3814974010342453,0.3814974010342453,0.21098677792238704,0.65646785,0.65646785,False,True
2024-06-12,0.4571701202733424,0.32705526723456885,0.32705526723456885,0.2141054185142766,0.335419,0.335419,False,True
2024-06-13,0.39283192111743037,0.3745924369239058,0.3745924369239058,0.22963502139759726,0.17958595,0.17958595,False,True
2024-06-14,0.8194279613049037,0.3946781613326204,0.3946781613326204,0.22906011204772558,0.33955824,0.33955824,False,True
2024-06-17,0.22002102963590375,0.3520904817888376,0.3520904817888376,0.22968322240964348,0.4977952,0.4977952,False,True
2024-06-18,0.2850663244804458,0.4276616559457179,0.4276616559457179,0.2438642119379899,0.5849765,0.5849765,False,True
2024-06-20,0.1254002227956724,0.4228794331768663,0.4228794331768663,0.2313540633615976,0.5297929,0.5297929,False,True
2024-06-21,0.03734196958403262,0.3362699029888213,0.3362699029888213,0.22987601183145795,0.30067027,0.30067027,False,True
2024-06-24,0.4094053779202241,0.3599102111607721,0.3599102111607721,0.2156477881994253,0.10462607,0.10462607,False,True
2024-06-25,0.7464519356206266,0.3216711789927317,0.3216711789927317,0.19700195437027646,0.2112546,0.2112546,False,True
2024-06-26,0.08465589015170083,0.3620157424364648,0.3620157424364648,0.213373099310726,0.0803068,0.0803068,False,True
2024-06-27,0.03694603307733871,0.36006605291444416,0.36006605291444416,0.22088701125929153,0.14812894,0.14812894,False,True
2024-06-28,0.9331009309159044,0.3591732890025469,0.3591732890025469,0.19333894469329208,0.16148192,0.16148192,False,True
2024-07-01,1.5414456740294105,0.29301524007359764,0.29301524007359764,0.19572448859041774,0.23718263,0.23718263,False,True
2024-07-02,1.0060159647946687,0.4565062329798223,0.4565062329798223,0.24847499400091524,0.5168191,0.5168191,False,True
2024-07-03,0.32712411492500304,0.4466321087612606,0.4466321087612606,0.29001264620015466,0.5661654,0.5661654,False,True
2024-07-05,0.0893701436812339,0.4586166190128229,0.4586166190128229,0.29049411814902887,0.7688649,0.7688649,False,True
2024-07-08,0.5786398749228449,0.4258992163279004,0.4258992163279004,0.2712104586349253,0.548215,0.548215,False,True
2024-07-09,0.05617944028809271,0.3815484989056931,0.3815484989056931,0.2639395022926596,0.45642892,0.45642892,False,True
2024-07-10,1.400461340449618,0.4477700508296857,0.4477700508296857,0.2780356070839589,0.42077604,0.42077604,False,True
2024-07-11,0.46725528903888763,0.544636714237849,0.544636714237849,0.25714266012091513,0.14455499,0.14455499,False,True
2024-07-12,0.2795473780496455,0.5604464132371288,0.5604464132371288,0.31226205221588654,0.6553899,0.6553899,False,True
2024-07-15,0.24441976233822654,0.4776095507210482,0.4776095507210482,0.2958821262389758,0.9985804,0.9985804,False,True
2024-07-16,0.5067095340176544,0.39815050414724257,0.39815050414724257,0.28867687531188074,0.31273502,0.31273502,False,True
2024-07-17,0.046564729181685874,0.46302431234129576,0.46302431234129576,0.2873781906767005,0.5459903,0.5459903,False,True
2024-07-18,0.6520634827768772,0.44295945352073285,0.44295945352073285,0.28642210024227666,0.44776702,0.44776702,False,True
2024-07-19,0.7966259678668596,0.49103579077703163,0.49103579077703163,0.258037459361656,0.67432433,0.67432433,False,True
2024-07-22,0.3271362859670702,0.46372962501614284,0.46372962501614284,0.29171398569350254,0.26356277,0.26356277,False,True
2024-07-23,2.0897669437864477,0.45636287810670423,0.45636287810670423,0.2984608233165919,0.6316266,0.6316266,False,True
2024-07-24,0.3100470620235938,0.6375968068810698,0.6375968068810698,0.2962907623707099,0.6744818,0.6744818,False,True
2024-07-25,0.03246668576392225,0.6716008629099016,0.6716008629099016,0.35325076517432835,1.1816273,1.1816273,False,True
2024-07-26,0.8643714572964278,0.5970258417640056,0.5970258417640056,0.31294774833957956,0.62254524,0.62254524,False,True
2024-07-29,0.6619999882043581,0.4131090873834568,0.4131090873834568,0.2973802610159217,0.3293463,0.3293463,False,True
2024-07-30,0.659948085475543,0.6252190647392677,0.6252190647392677,0.34421838967090035,0.59392637,0.59392637,False,True
2024-07-31,1.076086772761831,0.48005385787668065,0.48005385787668065,0.34309486788569193,0.33608684,0.33608684,False,True
2024-08-01,0.6873934046132938,0.5892317906417334,0.5892317906417334,0.33753259596208507,0.47496304,0.47496304,False,True
2024-08-02,0.6865505619531116,0.6143221906505361,0.6143221906505361,0.3483576707493384,0.6589277,0.6589277,False,True
2024-08-05,0.13986397216278457,0.5818182242524221,0.5818182242524221,0.3321811451752158,0.4496495,0.4496495,False,True
2024-08-06,0.7186023473905057,0.46467481585400927,0.46467481585400927,0.3195297539769254,0.6942563,0.6942563,False,True
2024-08-07,0.5755445908503813,0.558380171128032,0.558380171128032,0.304102665762616,0.47632825,0.47632825,False,True
2024-08-08,0.09234048416170562,0.5273432696865061,0.5273432696865061,0.3293329650148991,0.59808534,0.59808534,False,True
2024-08-09,0.20048532844413272,0.4712054786832315,0.4712054786832315,0.31310868891278176,0.4837884,0.4837884,False,True
2024-08-12,0.8101153254786289,0.5038161737795301,0.5038161737795301,0.29000144860136534,0.14185065,0.14185065,False,True
2024-08-13,0.5004716711509325,0.43534202486879925,0.43534202486879925,0.2930765226235344,0.73707205,0.73707205,False,True
2024-08-14,0.9752711728144413,0.5588226283455388,0.5588226283455388,0.3166745750502796,0.50411457,0.50411457,False,True
2024-08-15,0.1461055177431955,0.48207744484289017,0.48207744484289017,0.31293455492851757,0.3502584,0.3502584,False,True
2024-08-16,0.47753053621107217,0.5305844279539415,0.5305844279539415,0.3210630158048909,0.39639497,0.39639497,False,True
2024-08-19,0.11588814843139783,0.5139460593955892,0.5139460593955892,0.29952887439974274,0.25109568,0.25109568,False,True
2024-08-20,0.1550416365825296,0.49511165994893214,0.49511165994893214,0.31051907145421587,0.584191,0.584191,False,True
2024-08-21,0.9228858462429906,0.4739844034376849,0.4739844034376849,0.28782327737661295,0.3655239,0.3655239,False,True
2024-08-22,0.7117429488737528,0.5184105370348162,0.5184105370348162,0.29552556407407765,0.24935612,0.24935612,False,True
2024-08-23,0.5207384858108952,0.5338482819261365,0.5338482819261365,0.3226863869180968,0.4265555,0.4265555,False,True
2024-08-26,0.30064829996066944,0.4963899596179593,0.4963899596179593,0.29319175602645553,0.6278036,0.6278036,False,True
2024-08-27,0.2647347979103547,0.4838582927891073,0.4838582927891073,0.2880603010764051,0.45860228,0.45860228,False,True
2024-08-28,0.04083913528798086,0.47926454503577987,0.47926454503577987,0.2814802662249984,0.470032,0.470032,False,True
2024-08-29,0.5914117949772922,0.4235251457633381,0.4235251457633381,0.26632334700990146,0.2026992,0.2026992,False,True
2024-08-30,0.2623941190350438,0.42115373684561713,0.42115373684561713,0.24853159270262556,0.27340135,0.27340135,False,True
2024-09-03,0.6505613610220048,0.4916235163359369,0.4916235163359369,0.2742846708256551,0.65022707,0.65022707,False,True
2024-09-04,0.7600081931716615,0.4135566669040024,0.4135566669040024,0.2567166107706404,0.52728736,0.52728736,False,True
2024-09-05,1.400774280343648,0.4448991728741609,0.4448991728741609,0.27078734463417875,0.2024366,0.2024366,False,True
2024-09-06,0.4119430648917124,0.5451438590266127,0.5451438590266127,0.2798042957118997,0.46721834,0.46721834,False,True
2024-09-09,0.7105314465080588,0.5211075530030119,0.5211075530030119,0.3066967379961296,0.7155794,0.7155794,False,True
2024-09-10,0.1369770408937071,0.5049190775539357,0.5049190775539357,0.2896930586637469,0.61083716,0.61083716,False,True
2024-09-11,0.11647454447327212,0.4437070954964517,0.4437070954964517,0.29121818893147655,0.7136032,0.7136032,False,True
2024-09-12,0.03312192509707739,0.46375407968177784,0.46375407968177784,0.2690336762942125,0.36239293,0.36239293,False,True
2024-09-13,0.24381618445898184,0.39205763950638395,0.39205763950638395,0.2600124033538359,0.16329165,0.16329165,False,True
2024-09-16,0.07611652402428348,0.4231219950043822,0.4231219950043822,0.2406355551451968,0.54628325,0.54628325,False,True
2024-09-17,0.046744013333497966,0.40932848059717103,0.40932848059717103,0.25536584252701905,0.3524703,0.3524703,False,True
2024-09-18,1.1272427991905756,0.3825706256539024,0.3825706256539024,0.22196160434954504,0.3995409,0.3995409,False,True
2024-09-19,0.3733644982817729,0.3749514496101243,0.3749514496101243,0.2277762760484488,0.2850992,0.2850992,False,True
2024-09-20,0.7642047668341534,0.5348677512313114,0.5348677512313114,0.2876069607189801,0.7797339,0.7797339,False,True
2024-09-23,0.2688473872829804,0.4457336810066428,0.4457336810066428,0.27884193005527536,0.41572365,0.41572365,False,True
2024-09-24,0.1707644426527862,0.4466601269635234,0.4466601269635234,0.2900494104021749,0.68858844,0.68858844,False,True
2024-09-25,0.17388652502395044,0.43384761871302374,0.43384761871302374,0.26848543704064787,0.39538175,0.39538175,False,True
2024-09-26,0.38494454578500215,0.3908089085583836,0.3908089085583836,0.2591125706911719,0.59136534,0.59136534,False,True
2024-09-27,0.07115025603092028,0.37314649763364977,0.37314649763364977,0.2545052099050075,0.4188212,0.4188212,False,True
2024-09-30,0.22056441032890228,0.39891363427773874,0.39891363427773874,0.2569762513208311,0.8206254,0.8206254,False,True
2024-10-01,0.5636057815739288,0.4104535012368642,0.4104535012368642,0.23528259834812865,0.23804173,0.23804173,False,True
2024-10-02,0.5420837654269173,0.4373436998075781,0.4373436998075781,0.2512712345709021,0.42819783,0.42819783,False,True
2024-10-03,0.6095129967489721,0.4643105656006033,0.4643105656006033,0.2667579837078437,0.39971876,0.39971876,False,True
2024-10-04,0.5983034706880369,0.3886072726068153,0.3886072726068153,0.27171578732767326,0.22322884,0.22322884,False,True
2024-10-07,0.24008623031426385,0.4672961351485041,0.4672961351485041,0.2743207251606213,0.70216304,0.70216304,False,True
2024-10-08,0.2255912883539144,0.39890642576533414,0.39890642576533414,0.26992891097498894,0.47796077,0.47796077,False,True
2024-10-09,0.15086545129613507,0.40864366133056895,0.40864366133056895,0.2387202417760833,0.43407887,0.43407887,False,True
2024-10-10,1.4592409408803604,0.3585019034601974,0.3585019034601974,0.23370293215621563,0.39554372,0.39554372,False,True
2024-10-11,0.09881641234378706,0.4818580208590649,0.4818580208590649,0.23044153466880685,0.5307267,0.5307267,False,True
2024-10-14,0.02967022128029251,0.5107608220477972,0.5107608220477972,0.27735433903493006,0.1922157,0.1922157,False,True
2024-10-15,0.1267371034902733,0.45212415407837436,0.45212415407837436,0.2400166756475463,0.5064125,0.5064125,False,True
2024-10-16,0.031589817299241985,0.30875916549934457,0.30875916549934457,0.23286312468337556,0.34682408,0.34682408,False,True
2024-10-17,0.013660614877513449,0.37701111418747835,0.37701111418747835,0.24229131970706055,0.4899594,0.4899594,False,True
2024-10-18,0.13362697042029098,0.36451209672391593,0.36451209672391593,0.22440671048837127,0.5665404,0.5665404,False,True
2024-10-21,0.06396073027362907,0.3610254768109019,0.3610254768109019,0.20023020659287666,0.38625592,0.38625592,False,True
2024-10-22,0.31778083097322324,0.3505963138358598,0.3505963138358598,0.20886504679556944,0.6546932,0.6546932,False,True
2024-10-23,3.146120955093619,0.36394338717247,0.36394338717247,0.2066563035908812,0.44377086,0.44377086,False,True
2024-10-24,0.5221337412097402,0.5618055928867984,0.5618055928867984,0.23179771055173357,1.1408352,1.1408352,False,True
2024-10-25,0.39889852772143514,0.7809435753008946,0.7809435753008946,0.37084640786247697,1.0407571,1.0407571,False,True
2024-10-28,0.18185018914833173,0.7055947192461169,0.7055947192461169,0.3422563513113514,1.4091923,1.4091923,False,True
2024-10-29,0.12096216215669865,0.4208475892108134,0.4208475892108134,0.33455701729038717,0.97866386,0.97866386,False,True
2024-10-30,0.48183999127095606,0.5215585910287859,0.5215585910287859,0.3202258921317991,0.9385757,0.9385757,False,True
2024-10-31,0.05537357621012904,0.44717142846555646,0.44717142846555646,0.321767431059344,0.39676356,0.39676356,False,True
2024-11-01,0.3963829628708943,0.43894891856899176,0.43894891856899176,0.30855337333912297,0.3401852,0.3401852,False,True
2024-11-04,0.5524587018462703,0.4487663120436434,0.4487663120436434,0.2843809911274453,0.5434572,0.5434572,False,True
2024-11-05,2.184247516469905,0.4129816971416589,0.4129816971416589,0.3115730431129186,0.50397664,0.50397664,False,True
2024-11-06,0.4544873580808182,0.473360851178052,0.473360851178052,0.3273658781150887,1.0074259,1.0074259,False,True
2024-11-07,1.2492789319210555,0.626422944812218,0.626422944812218,0.38133050056941675,0.60987705,0.60987705,False,True
2024-11-08,1.3621423733082605,0.5853150087962149,0.5853150087962149,0.3621405108006582,0.46074843,0.46074843,False,True
2024-11-11,1.0068690474472346,0.5605673951098598,0.5605673951098598,0.38897209618488116,0.58355665,0.58355665,False,True
2024-11-12,0.08434549798874562,0.6278969104379525,0.6278969104379525,0.39872924300583074,0.9045862,0.9045862,False,True
2024-11-13,0.9437098697447959,0.5372469125148962,0.5372469125148962,0.37361515838696063,0.16657381,0.16657381,False,True
2024-11-14,0.47936208210370007,0.6025115888343504,0.6025115888343504,0.3417114388928116,1.2439222,1.2439222,False,True
2024-11-15,0.8677696619172597,0.5712401632232422,0.5712401632232422,0.38149296612946165,0.44131148,0.44131148,False,True
2024-11-18,0.3366340585692461,0.5223029703778383,0.5223029703778383,0.3718130776360949,0.8667555,0.8667555,False,True
2024-11-19,0.1831969976611867,0.5508989039647078,0.5508989039647078,0.3755695321530899,0.80922437,0.80922437,False,True
2024-11-20,0.11131479043700723,0.563128637389084,0.563128637389084,0.35325933404569054,0.65158325,0.65158325,False,True
2024-11-21,0.5926674068261821,0.5027360777685573,0.5027360777685573,0.3410848582986042,0.61842626,0.61842626,False,True
2024-11-22,0.641820458085855,0.4987147293760235,0.4987147293760235,0.3379368846040951,0.5162313,0.5162313,False,True
2024-11-25,0.016886589557627774,0.6187930680911683,0.6187930680911683,0.36659667804449425,0.39142963,0.39142963,False,True
2024-11-26,0.2526272489743633,0.46070702901574306,0.46070702901574306,0.3035491130506761,0.32014847,0.32014847,False,True
2024-11-27,0.5745927210398485,0.5048328427715799,0.5048328427715799,0.2676671866922002,0.2660939,0.2660939,False,True
2024-11-29,0.5394118458585683,0.44989961420832686,0.44989961420832686,0.30610252604721183,0.3177224,0.3177224,False,True
2024-12-02,0.25408281776376185,0.4847797070865281,0.4847797070865281,0.3215968018155008,0.24232674,0.24232674,False,True
2024-12-03,0.29138117253121254,0.4933327046947728,0.4933327046947728,0.31772570155308866,0.2906603,0.2906603,False,True
2024-12-04,0.5045908200797207,0.4746629904159092,0.4746629904159092,0.3039585819797407,0.3789475,0.3789475,False,True
2024-12-05,0.8258091960214966,0.45917623411851616,0.45917623411851616,0.3099540497993079,0.10791538,0.10791538,False,True
2024-12-06,0.023230991267466743,0.49680068583672654,0.49680068583672654,0.3225730419082947,0.28435946,0.28435946,False,True
2024-12-09,0.449697987895285,0.5105087625395508,0.5105087625395508,0.3150407344693714,0.29794294,0.29794294,False,True
2024-12-10,0.9145519099636897,0.47502878683339966,0.47502878683339966,0.2547292710558978,0.5280408,0.5280408,False,True
2024-12-11,0.25124848926765764,0.46229532781543003,0.46229532781543003,0.2952397923790328,0.42895073,0.42895073,False,True
2024-12-12,0.6738569751730612,0.4977505709634845,0.4977505709634845,0.29640609200206924,0.6846962,0.6846962,False,True
2024-12-13,0.9461297743242771,0.4536486997732802,0.4536486997732802,0.2685754850881035,0.23603125,0.23603125,False,True
2024-12-16,0.5671031128087023,0.4455481113664834,0.4455481113664834,0.27569666494697115,0.4942691,0.4942691,False,True
2024-12-17,1.3719418848659497,0.4543193840396352,0.4543193840396352,0.2897431460488758,0.68615246,0.68615246,False,True
2024-12-18,0.1434744770279369,0.5803957493856678,0.5803957493856678,0.2822158956936312,0.5375555,0.5375555,False,True
2024-12-19,0.5596838862465919,0.5525590665285229,0.5525590665285229,0.300632244864062,0.60692894,0.60692894,False,True
2024-12-20,0.3556566581323428,0.5547899337436635,0.5547899337436635,0.27190881276652085,0.4518209,0.4518209,False,True
2024-12-23,1.1269498288563227,0.43273766205744435,0.43273766205744435,0.28827850125494087,0.49449643,0.49449643,False,True
2024-12-24,0.2823639043292146,0.4494456321572074,0.4494456321572074,0.2868749161595413,0.5736447,0.5736447,False,True
2024-12-26,0.8055560544921027,0.5622555844934497,0.5622555844934497,0.30812070120805823,0.6184051,0.6184051,False,True
2024-12-27,0.5328959399321377,0.567774372337923,0.567774372337923,0.28736296569640923,0.4023517,0.4023517,False,True
2024-12-30,0.5246558205224212,0.5406791802871324,0.5406791802871324,0.303335068556028,0.54997337,0.54997337,False,True
